cogn_cont_sMRI_gmv,socem_sMRI_gmv,defmod_sMRI_gmv,saln_sMRI_gmv,cogn_cont_sMRI_ct,socem_sMRI_ct,defmod_sMRI_ct,saln_sMRI_ct,cogn_cont_tfMRI_sst,cogn_cont_tfMRI_mid,cogn_cont_tfMRI_nback,socem_tfMRI_sst,socem_tfMRI_mid,socem_tfMRI_nback,defmod_tfMRI_sst,defmod_tfMRI_mid,defmod_tfMRI_nback,saln_tfMRI_sst,saln_tfMRI_mid,saln_tfMRI_nback,cogn_cont_rsfMRI_tempvar,socem_rsfMRI_tempvar,defmod_rsfMRI_tempvar,saln_rsfMRI_tempvar
,,,,,,,,,,,,,,,,,,,,,,,
smri_vol_cdk_cdacatelh,smri_vol_cdk_lobfrlh,smri_vol_cdk_ifpllh,smri_vol_cdk_cdacatelh,smri_thick_cdk_cdacatelh,smri_thick_cdk_lobfrlh,smri_thick_cdk_ifpllh,smri_thick_cdk_cdacatelh,tfmri_saasvcg_bcdk_cdacgelh,tfmri_ma_allvn_b_cds_clatcgelh,tfmri_nback_all_272,tfmri_saasvcg_bcdk_laobofrlh,tfmri_ma_allvn_b_cds_lobofrlh,tfmri_nback_all_281,tfmri_saasvcg_bcdk_ifpalh,tfmri_ma_allvn_b_cds_ifpalh,tfmri_nback_all_277,tfmri_saasvcg_bcdk_cdacgelh,tfmri_ma_allvn_b_cds_clatcgelh,tfmri_nback_all_272,rsfmri_var_cdk_cdaclatelh,rsfmri_var_cdk_loboflh,rsfmri_var_cdk_ifpalh,rsfmri_var_cdk_cdaclatelh
,,,,,,,,,,,,,,,,,,,,,,,
smri_vol_cdk_cdmdfrlh,smri_vol_cdk_mobfrlh,smri_vol_cdk_ihcatelh,smri_vol_cdk_parsopclh,smri_thick_cdk_cdmdfrlh,smri_thick_cdk_mobfrlh,smri_thick_cdk_ihcatelh,smri_thick_cdk_parsopclh,tfmri_saasvcg_bcdk_cdacgerh,tfmri_ma_allvn_b_cds_clatcgerh,tfmri_nback_all_306,tfmri_saasvcg_bcdk_laobofrrh,tfmri_ma_allvn_b_cds_lobofrrh,tfmri_nback_all_315,tfmri_saasvcg_bcdk_ifparh,tfmri_ma_allvn_b_cds_ifparh,tfmri_nback_all_311,tfmri_saasvcg_bcdk_cdacgerh,tfmri_ma_allvn_b_cds_clatcgerh,tfmri_nback_all_306,rsfmri_var_cdk_cdaclaterh,rsfmri_var_cdk_lobofrh,rsfmri_var_cdk_ifparh,rsfmri_var_cdk_cdaclaterh
,,,,,,,,,,,,,,,,,,,,,,,
smri_vol_cdk_rracatelh,smri_vol_cdk_sufrlh,smri_vol_cdk_mobfrlh,smri_vol_cdk_parsobislh,smri_thick_cdk_rracatelh,smri_thick_cdk_sufrlh,smri_thick_cdk_mobfrlh,smri_thick_cdk_parsobislh,tfmri_saasvcg_bcdk_cdmdfrlh,tfmri_ma_allvn_b_cds_clmdfrlh,tfmri_nback_all_273,tfmri_saasvcg_bcdk_mobofrlh,tfmri_ma_allvn_b_cds_mobofrlh,tfmri_nback_all_283,tfmri_saasvcg_bcdk_ihcgelh,tfmri_ma_allvn_b_cds_ihcgelh,tfmri_nback_all_279,tfmri_saasvcg_bcdk_isalh,tfmri_ma_allvn_b_cds_insulalh,tfmri_nback_all_304,rsfmri_var_cdk_cdmdflh,rsfmri_var_cdk_moboflh,rsfmri_var_cdk_ihclatelh,rsfmri_var_cdk_insulalh
,,,,,,,,,,,,,,,,,,,,,,,
smri_vol_cdk_rrmdfrlh,smri_vol_cdk_lobfrrh,smri_vol_cdk_mdtmlh,smri_vol_cdk_parstgrislh,smri_thick_cdk_rrmdfrlh,smri_thick_cdk_lobfrrh,smri_thick_cdk_mdtmlh,smri_thick_cdk_parstgrislh,tfmri_saasvcg_bcdk_cdmdfrrh,tfmri_ma_allvn_b_cds_clmdfrrh,tfmri_nback_all_307,tfmri_saasvcg_bcdk_mobofrrh,tfmri_ma_allvn_b_cds_mobofrrh,tfmri_nback_all_317,tfmri_saasvcg_bcdk_ihcgerh,tfmri_ma_allvn_b_cds_ihcgerh,tfmri_nback_all_313,tfmri_saasvcg_bcdk_isarh,tfmri_ma_allvn_b_cds_insularh,tfmri_nback_all_338,rsfmri_var_cdk_cdmdfrh,rsfmri_var_cdk_mobofrh,rsfmri_var_cdk_ihclaterh,rsfmri_var_cdk_insularh
,,,,,,,,,,,,,,,,,,,,,,,
smri_vol_cdk_cdacaterh,smri_vol_cdk_mobfrrh,smri_vol_cdk_parahpallh,smri_vol_cdk_insulalh,smri_thick_cdk_cdacaterh,smri_thick_cdk_mobfrrh,smri_thick_cdk_parahpallh,smri_thick_cdk_insulalh,tfmri_saasvcg_bcdk_racgelh,tfmri_ma_allvn_b_cds_roatcgelh,tfmri_nback_all_295,tfmri_saasvcg_bcdk_sufrlh,tfmri_ma_allvn_b_cds_sufrlh,tfmri_nback_all_297,tfmri_saasvcg_bcdk_mobofrlh,tfmri_ma_allvn_b_cds_mobofrlh,tfmri_nback_all_283,tfmri_saasvcg_bcdk_psopelh,tfmri_ma_allvn_b_cds_ppclh,tfmri_nback_all_287,rsfmri_var_cdk_rlaclatelh,rsfmri_var_cdk_suflh,rsfmri_var_cdk_moboflh,rsfmri_var_cdk_parsopllh
,,,,,,,,,,,,,,,,,,,,,,,
smri_vol_cdk_cdmdfrrh,smri_vol_cdk_sufrrh,smri_vol_cdk_parsopclh,smri_vol_cdk_cdacaterh,smri_thick_cdk_cdmdfrrh,smri_thick_cdk_sufrrh,smri_thick_cdk_parsopclh,smri_thick_cdk_cdacaterh,tfmri_saasvcg_bcdk_racgerh,tfmri_ma_allvn_b_cds_roatcgerh,tfmri_nback_all_329,tfmri_saasvcg_bcdk_sufrrh,tfmri_ma_allvn_b_cds_sufrrh,tfmri_nback_all_331,tfmri_saasvcg_bcdk_mobofrrh,tfmri_ma_allvn_b_cds_mobofrrh,tfmri_nback_all_317,tfmri_saasvcg_bcdk_psoperh,tfmri_ma_allvn_b_cds_ppcrh,tfmri_nback_all_321,rsfmri_var_cdk_rlaclaterh,rsfmri_var_cdk_sufrh,rsfmri_var_cdk_mobofrh,rsfmri_var_cdk_parsoplrh
,,,,,,,,,,,,,,,,,,,,,,,
smri_vol_cdk_rracaterh,smri_vol_scs_amygdalalh,smri_vol_cdk_parsobislh,smri_vol_cdk_parsopcrh,smri_thick_cdk_rracaterh,,smri_thick_cdk_parsobislh,smri_thick_cdk_parsopcrh,tfmri_saasvcg_bcdk_rmdfrlh,tfmri_ma_allvn_b_cds_romdfrlh,tfmri_nback_all_296,tfmri_saasvcg_bscs_aalh,tfmri_ma_aclvn_b_scs_aalh,tfmri_nback_all_16,tfmri_saasvcg_bcdk_mdtplh,tfmri_ma_allvn_b_cds_mdtplh,tfmri_nback_all_284,tfmri_saasvcg_bcdk_psobslh,tfmri_ma_allvn_b_cds_pbalislh,tfmri_nback_all_288,rsfmri_var_cdk_rlmdflh,rsfmri_var_scs_aalh,rsfmri_var_cdk_mdtlh,rsfmri_var_cdk_parsobalislh
,,,,,,,,,,,,,,,,,,,,,,,
smri_vol_cdk_rrmdfrrh,smri_vol_scs_aal,smri_vol_cdk_parstgrislh,smri_vol_cdk_parsobisrh,smri_thick_cdk_rrmdfrrh,,smri_thick_cdk_parstgrislh,smri_thick_cdk_parsobisrh,tfmri_saasvcg_bcdk_rmdfrrh,tfmri_ma_allvn_b_cds_romdfrrh,tfmri_nback_all_330,tfmri_saasvcg_bscs_aarh,tfmri_ma_aclvn_b_scs_aarh,tfmri_nback_all_29,tfmri_saasvcg_bcdk_mdtprh,tfmri_ma_allvn_b_cds_mdtprh,tfmri_nback_all_318,tfmri_saasvcg_bcdk_psobsrh,tfmri_ma_allvn_b_cds_pbalisrh,tfmri_nback_all_322,rsfmri_var_cdk_rlmdfrh,rsfmri_var_scs_aarh,rsfmri_var_cdk_mdtrh,rsfmri_var_cdk_parsobalisrh
,,,,,,,,,,,,,,,,,,,,,,,
,smri_vol_scs_amygdalarh,smri_vol_cdk_ptcatelh,smri_vol_cdk_parstgrisrh,,,smri_thick_cdk_ptcatelh,smri_thick_cdk_parstgrisrh,tfmri_sacgvf_bcdk_cdacgelh,tfmri_ma_alrvn_b_cds_clatcgelh,tfmri_nback_all_340,tfmri_saasvcg_bscs_aylh,tfmri_ma_aclvn_b_scs_aylh,tfmri_nback_all_14,tfmri_saasvcg_bcdk_pahpallh,tfmri_ma_allvn_b_cds_phpallh,tfmri_nback_all_285,tfmri_saasvcg_bcdk_pstglh,tfmri_ma_allvn_b_cds_prgislh,tfmri_nback_all_289,,rsfmri_var_scs_amygdalalh,rsfmri_var_cdk_parahpallh,rsfmri_var_cdk_parstularislh
,,,,,,,,,,,,,,,,,,,,,,,
,smri_vol_scs_aar,smri_vol_cdk_pclh,smri_vol_cdk_insularh,,,smri_thick_cdk_pclh,smri_thick_cdk_insularh,tfmri_sacgvf_bcdk_cdacgerh,tfmri_ma_alrvn_b_cds_clatcgerh,tfmri_nback_all_374,tfmri_saasvcg_bscs_ayrh,tfmri_ma_aclvn_b_scs_ayrh,tfmri_nback_all_28,tfmri_saasvcg_bcdk_pahpalrh,tfmri_ma_allvn_b_cds_phpalrh,tfmri_nback_all_319,tfmri_saasvcg_bcdk_pstgrh,tfmri_ma_allvn_b_cds_prgisrh,tfmri_nback_all_323,,rsfmri_var_scs_amygdalarh,rsfmri_var_cdk_parahpalrh,rsfmri_var_cdk_parstularisrh
,,,,,,,,,,,,,,,,,,,,,,,
,,smri_vol_cdk_sufrlh,smri_vol_scs_tplh,,,smri_thick_cdk_sufrlh,,tfmri_sacgvf_bcdk_cdmdfrlh,tfmri_ma_alrvn_b_cds_clmdfrlh,tfmri_nback_all_341,tfmri_sacgvf_bcdk_laobofrlh,tfmri_ma_alrvn_b_cds_lobofrlh,tfmri_nback_all_349,tfmri_saasvcg_bcdk_psopelh,tfmri_ma_allvn_b_cds_ppclh,tfmri_nback_all_287,tfmri_saasvcg_bscs_aalh,tfmri_ma_aclvn_b_scs_aalh,tfmri_nback_all_16,,,rsfmri_var_cdk_parsopllh,rsfmri_var_scs_aalh
,,,,,,,,,,,,,,,,,,,,,,,
,,smri_vol_cdk_sutmlh,smri_vol_scs_aal,,,smri_thick_cdk_sutmlh,,tfmri_sacgvf_bcdk_cdmdfrrh,tfmri_ma_alrvn_b_cds_clmdfrrh,tfmri_nback_all_375,tfmri_sacgvf_bcdk_laobofrrh,tfmri_ma_alrvn_b_cds_lobofrrh,tfmri_nback_all_383,tfmri_saasvcg_bcdk_psoperh,tfmri_ma_allvn_b_cds_ppcrh,tfmri_nback_all_321,tfmri_saasvcg_bscs_aarh,tfmri_ma_aclvn_b_scs_aarh,tfmri_nback_all_29,,,rsfmri_var_cdk_parsoplrh,rsfmri_var_scs_aarh
,,,,,,,,,,,,,,,,,,,,,,,
,,smri_vol_cdk_smlh,smri_vol_scs_tprh,,,smri_thick_cdk_smlh,,tfmri_sacgvf_bcdk_racgelh,tfmri_ma_alrvn_b_cds_roatcgelh,tfmri_nback_all_363,tfmri_sacgvf_bcdk_mobofrlh,tfmri_ma_alrvn_b_cds_mobofrlh,tfmri_nback_all_351,tfmri_saasvcg_bcdk_psobslh,tfmri_ma_allvn_b_cds_pbalislh,tfmri_nback_all_288,tfmri_saasvcg_bscs_tplh,tfmri_ma_aclvn_b_scs_tplh,tfmri_nback_all_6,,,rsfmri_var_cdk_parsobalislh,rsfmri_var_scs_tplh
,,,,,,,,,,,,,,,,,,,,,,,
,,smri_vol_cdk_tmpolelh,smri_vol_scs_aar,,,smri_thick_cdk_tmpolelh,,tfmri_sacgvf_bcdk_racgerh,tfmri_ma_alrvn_b_cds_roatcgerh,tfmri_nback_all_397,tfmri_sacgvf_bcdk_mobofrrh,tfmri_ma_alrvn_b_cds_mobofrrh,tfmri_nback_all_385,tfmri_saasvcg_bcdk_psobsrh,tfmri_ma_allvn_b_cds_pbalisrh,tfmri_nback_all_322,tfmri_saasvcg_bscs_tprh,tfmri_ma_aclvn_b_scs_tprh,tfmri_nback_all_23,,,rsfmri_var_cdk_parsobalisrh,rsfmri_var_scs_tprh
,,,,,,,,,,,,,,,,,,,,,,,
,,smri_vol_cdk_ifplrh,,,,smri_thick_cdk_ifplrh,,tfmri_sacgvf_bcdk_rmdfrlh,tfmri_ma_alrvn_b_cds_romdfrlh,tfmri_nback_all_364,tfmri_sacgvf_bcdk_sufrlh,tfmri_ma_alrvn_b_cds_sufrlh,tfmri_nback_all_365,tfmri_saasvcg_bcdk_pstglh,tfmri_ma_allvn_b_cds_prgislh,tfmri_nback_all_289,tfmri_sacgvf_bcdk_cdacgelh,tfmri_ma_alrvn_b_cds_clatcgelh,tfmri_nback_all_340,,,rsfmri_var_cdk_parstularislh,
,,,,,,,,,,,,,,,,,,,,,,,
,,smri_vol_cdk_ihcaterh,,,,smri_thick_cdk_ihcaterh,,tfmri_sacgvf_bcdk_rmdfrrh,tfmri_ma_alrvn_b_cds_romdfrrh,tfmri_nback_all_398,tfmri_sacgvf_bcdk_sufrrh,tfmri_ma_alrvn_b_cds_sufrrh,tfmri_nback_all_399,tfmri_saasvcg_bcdk_pstgrh,tfmri_ma_allvn_b_cds_prgisrh,tfmri_nback_all_323,tfmri_sacgvf_bcdk_cdacgerh,tfmri_ma_alrvn_b_cds_clatcgerh,tfmri_nback_all_374,,,rsfmri_var_cdk_parstularisrh,
,,,,,,,,,,,,,,,,,,,,,,,
,,smri_vol_cdk_mobfrrh,,,,smri_thick_cdk_mobfrrh,,tfmri_sacsvcg_bcdk_cdacgelh,tfmri_ma_alvsl_b_cds_clatcgelh,tfmri_nback_all_544,tfmri_sacgvf_bscs_aalh,tfmri_ma_alrvn_b_scs_aalh,tfmri_nback_all_46,tfmri_saasvcg_bcdk_pocgelh,tfmri_ma_allvn_b_cds_pocgelh,tfmri_nback_all_292,tfmri_sacgvf_bcdk_isalh,tfmri_ma_alrvn_b_cds_insulalh,tfmri_nback_all_372,,,rsfmri_var_cdk_psclatelh,
,,,,,,,,,,,,,,,,,,,,,,,
,,smri_vol_cdk_mdtmrh,,,,smri_thick_cdk_mdtmrh,,tfmri_sacsvcg_bcdk_cdacgerh,tfmri_ma_alvsl_b_cds_clatcgerh,tfmri_nback_all_578,tfmri_sacgvf_bscs_aarh,tfmri_ma_alrvn_b_scs_aarh,tfmri_nback_all_59,tfmri_saasvcg_bcdk_pocgerh,tfmri_ma_allvn_b_cds_pocgerh,tfmri_nback_all_326,tfmri_sacgvf_bcdk_isarh,tfmri_ma_alrvn_b_cds_insularh,tfmri_nback_all_406,,,rsfmri_var_cdk_psclaterh,
,,,,,,,,,,,,,,,,,,,,,,,
,,smri_vol_cdk_parahpalrh,,,,smri_thick_cdk_parahpalrh,,tfmri_sacsvcg_bcdk_cdmdfrlh,tfmri_ma_alvsl_b_cds_clmdfrlh,tfmri_nback_all_545,tfmri_sacgvf_bscs_aylh,tfmri_ma_alrvn_b_scs_aylh,tfmri_nback_all_44,tfmri_saasvcg_bcdk_pculh,tfmri_ma_allvn_b_cds_pulh,tfmri_nback_all_294,tfmri_sacgvf_bcdk_psopelh,tfmri_ma_alrvn_b_cds_ppclh,tfmri_nback_all_355,,,rsfmri_var_cdk_precuneuslh,
,,,,,,,,,,,,,,,,,,,,,,,
,,smri_vol_cdk_parsopcrh,,,,smri_thick_cdk_parsopcrh,,tfmri_sacsvcg_bcdk_cdmdfrrh,tfmri_ma_alvsl_b_cds_clmdfrrh,tfmri_nback_all_579,tfmri_sacgvf_bscs_ayrh,tfmri_ma_alrvn_b_scs_ayrh,tfmri_nback_all_58,tfmri_saasvcg_bcdk_pcurh,tfmri_ma_allvn_b_cds_purh,tfmri_nback_all_328,tfmri_sacgvf_bcdk_psoperh,tfmri_ma_alrvn_b_cds_ppcrh,tfmri_nback_all_389,,,rsfmri_var_cdk_precuneusrh,
,,,,,,,,,,,,,,,,,,,,,,,
,,smri_vol_cdk_parsobisrh,,,,smri_thick_cdk_parsobisrh,,tfmri_sacsvcg_bcdk_racgelh,tfmri_ma_alvsl_b_cds_roatcgelh,tfmri_nback_all_567,tfmri_sacsvcg_bcdk_laobofrlh,tfmri_ma_alvsl_b_cds_lobofrlh,tfmri_nback_all_553,tfmri_saasvcg_bcdk_sufrlh,tfmri_ma_allvn_b_cds_sufrlh,tfmri_nback_all_297,tfmri_sacgvf_bcdk_psobslh,tfmri_ma_alrvn_b_cds_pbalislh,tfmri_nback_all_356,,,rsfmri_var_cdk_suflh,
,,,,,,,,,,,,,,,,,,,,,,,
,,smri_vol_cdk_parstgrisrh,,,,smri_thick_cdk_parstgrisrh,,tfmri_sacsvcg_bcdk_racgerh,tfmri_ma_alvsl_b_cds_roatcgerh,tfmri_nback_all_601,tfmri_sacsvcg_bcdk_laobofrrh,tfmri_ma_alvsl_b_cds_lobofrrh,tfmri_nback_all_587,tfmri_saasvcg_bcdk_sufrrh,tfmri_ma_allvn_b_cds_sufrrh,tfmri_nback_all_331,tfmri_sacgvf_bcdk_psobsrh,tfmri_ma_alrvn_b_cds_pbalisrh,tfmri_nback_all_390,,,rsfmri_var_cdk_sufrh,
,,,,,,,,,,,,,,,,,,,,,,,
,,smri_vol_cdk_ptcaterh,,,,smri_thick_cdk_ptcaterh,,tfmri_sacsvcg_bcdk_rmdfrlh,tfmri_ma_alvsl_b_cds_romdfrlh,tfmri_nback_all_568,tfmri_sacsvcg_bcdk_mobofrlh,tfmri_ma_alvsl_b_cds_mobofrlh,tfmri_nback_all_555,tfmri_saasvcg_bcdk_sutplh,tfmri_ma_allvn_b_cds_sutplh,tfmri_nback_all_299,tfmri_sacgvf_bcdk_pstglh,tfmri_ma_alrvn_b_cds_prgislh,tfmri_nback_all_357,,,rsfmri_var_cdk_sutlh,
,,,,,,,,,,,,,,,,,,,,,,,
,,smri_vol_cdk_pcrh,,,,smri_thick_cdk_pcrh,,tfmri_sacsvcg_bcdk_rmdfrrh,tfmri_ma_alvsl_b_cds_romdfrrh,tfmri_nback_all_602,tfmri_sacsvcg_bcdk_mobofrrh,tfmri_ma_alvsl_b_cds_mobofrrh,tfmri_nback_all_589,tfmri_saasvcg_bcdk_sutprh,tfmri_ma_allvn_b_cds_sutprh,tfmri_nback_all_333,tfmri_sacgvf_bcdk_pstgrh,tfmri_ma_alrvn_b_cds_prgisrh,tfmri_nback_all_391,,,rsfmri_var_cdk_sutrh,
,,,,,,,,,,,,,,,,,,,,,,,
,,smri_vol_cdk_sufrrh,,,,smri_thick_cdk_sufrrh,,tfmri_sacsvis_bcdk_cdacgelh,tfmri_ma_alvsr_b_cds_clatcgelh,tfmri_nback_all_476,tfmri_sacsvcg_bcdk_sufrlh,tfmri_ma_alvsl_b_cds_sufrlh,tfmri_nback_all_569,tfmri_saasvcg_bcdk_smlh,tfmri_ma_allvn_b_cds_smglh,tfmri_nback_all_300,tfmri_sacgvf_bscs_aalh,tfmri_ma_alrvn_b_scs_aalh,tfmri_nback_all_46,,,rsfmri_var_cdk_smlh,
,,,,,,,,,,,,,,,,,,,,,,,
,,smri_vol_cdk_sutmrh,,,,smri_thick_cdk_sutmrh,,tfmri_sacsvis_bcdk_cdacgerh,tfmri_ma_alvsr_b_cds_clatcgerh,tfmri_nback_all_510,tfmri_sacsvcg_bcdk_sufrrh,tfmri_ma_alvsl_b_cds_sufrrh,tfmri_nback_all_603,tfmri_saasvcg_bcdk_smrh,tfmri_ma_allvn_b_cds_smgrh,tfmri_nback_all_334,tfmri_sacgvf_bscs_aarh,tfmri_ma_alrvn_b_scs_aarh,tfmri_nback_all_59,,,rsfmri_var_cdk_smrh,
,,,,,,,,,,,,,,,,,,,,,,,
,,smri_vol_cdk_smrh,,,,smri_thick_cdk_smrh,,tfmri_sacsvis_bcdk_cdmdfrlh,tfmri_ma_alvsr_b_cds_clmdfrlh,tfmri_nback_all_477,tfmri_sacsvcg_bscs_aalh,tfmri_ma_acgml_b_scs_aalh,tfmri_nback_all_136,tfmri_saasvcg_bcdk_tppelh,tfmri_ma_allvn_b_cds_tppolelh,tfmri_nback_all_302,tfmri_sacgvf_bscs_tplh,tfmri_ma_alrvn_b_scs_tplh,tfmri_nback_all_36,,,rsfmri_var_cdk_tpolelh,
,,,,,,,,,,,,,,,,,,,,,,,
,,smri_vol_cdk_tmpolerh,,,,smri_thick_cdk_tmpolerh,,tfmri_sacsvis_bcdk_cdmdfrrh,tfmri_ma_alvsr_b_cds_clmdfrrh,tfmri_nback_all_511,tfmri_sacsvcg_bscs_aarh,tfmri_ma_acgml_b_scs_aarh,tfmri_nback_all_149,tfmri_saasvcg_bcdk_tpperh,tfmri_ma_allvn_b_cds_tppolerh,tfmri_nback_all_336,tfmri_sacgvf_bscs_tprh,tfmri_ma_alrvn_b_scs_tprh,tfmri_nback_all_53,,,rsfmri_var_cdk_tpolerh,
,,,,,,,,,,,,,,,,,,,,,,,
,,smri_vol_scs_crbwmatterlh,,,,,,tfmri_sacsvis_bcdk_racgelh,tfmri_ma_alvsr_b_cds_roatcgelh,tfmri_nback_all_499,tfmri_sacsvcg_bscs_aylh,tfmri_ma_acgml_b_scs_aylh,tfmri_nback_all_134,tfmri_saasvcg_bscs_cdelh,tfmri_ma_aclvn_b_scs_cdlh,tfmri_nback_all_7,tfmri_sacsvcg_bcdk_cdacgelh,tfmri_ma_alvsl_b_cds_clatcgelh,tfmri_nback_all_544,,,rsfmri_var_scs_caudatelh,
,,,,,,,,,,,,,,,,,,,,,,,
,,smri_vol_scs_crbcortexlh,,,,,,tfmri_sacsvis_bcdk_racgerh,tfmri_ma_alvsr_b_cds_roatcgerh,tfmri_nback_all_533,tfmri_sacsvcg_bscs_ayrh,tfmri_ma_acgml_b_scs_ayrh,tfmri_nback_all_148,tfmri_saasvcg_bscs_cderh,tfmri_ma_aclvn_b_scs_cdrh,tfmri_nback_all_24,tfmri_sacsvcg_bcdk_cdacgerh,tfmri_ma_alvsl_b_cds_clatcgerh,tfmri_nback_all_578,,,rsfmri_var_scs_caudaterh,
,,,,,,,,,,,,,,,,,,,,,,,
,,smri_vol_scs_caudatelh,,,,,,tfmri_sacsvis_bcdk_rmdfrlh,tfmri_ma_alvsr_b_cds_romdfrlh,tfmri_nback_all_500,tfmri_sacsvis_bcdk_laobofrlh,tfmri_ma_alvsr_b_cds_lobofrlh,tfmri_nback_all_485,tfmri_saasvcg_bscs_crbcxlh,tfmri_ma_aclvn_b_scs_ccxlh,tfmri_nback_all_5,tfmri_sacsvcg_bcdk_isalh,tfmri_ma_alvsl_b_cds_insulalh,tfmri_nback_all_576,,,rsfmri_var_scs_crbcortexlh,
,,,,,,,,,,,,,,,,,,,,,,,
,,smri_vol_scs_putamenlh,,,,,,tfmri_sacsvis_bcdk_rmdfrrh,tfmri_ma_alvsr_b_cds_romdfrrh,tfmri_nback_all_534,tfmri_sacsvis_bcdk_laobofrrh,tfmri_ma_alvsr_b_cds_lobofrrh,tfmri_nback_all_519,tfmri_saasvcg_bscs_crbcxrh,tfmri_ma_aclvn_b_scs_ccxrh,tfmri_nback_all_22,tfmri_sacsvcg_bcdk_isarh,tfmri_ma_alvsl_b_cds_insularh,tfmri_nback_all_610,,,rsfmri_var_scs_crbcortexrh,
,,,,,,,,,,,,,,,,,,,,,,,
,,smri_vol_scs_hpuslh,,,,,,tfmri_saigvcg_bcdk_cdacgelh,tfmri_ma_acvn_b_cds_clatcgelh,tfmri_nback_all_680,tfmri_sacsvis_bcdk_mobofrlh,tfmri_ma_alvsr_b_cds_mobofrlh,tfmri_nback_all_487,tfmri_saasvcg_bscs_crbwmlh,tfmri_ma_aclvn_b_scs_cwmlh,tfmri_nback_all_4,tfmri_sacsvcg_bcdk_psopelh,tfmri_ma_alvsl_b_cds_ppclh,tfmri_nback_all_559,,,rsfmri_var_scs_crbwmlh,
,,,,,,,,,,,,,,,,,,,,,,,
,,smri_vol_scs_crbwmatterrh,,,,,,tfmri_saigvcg_bcdk_cdacgerh,tfmri_ma_acvn_b_cds_clatcgerh,tfmri_nback_all_714,tfmri_sacsvis_bcdk_mobofrrh,tfmri_ma_alvsr_b_cds_mobofrrh,tfmri_nback_all_521,tfmri_saasvcg_bscs_crbwmrh,tfmri_ma_aclvn_b_scs_cwmrh,tfmri_nback_all_21,tfmri_sacsvcg_bcdk_psoperh,tfmri_ma_alvsl_b_cds_ppcrh,tfmri_nback_all_593,,,rsfmri_var_scs_crbwmrh,
,,,,,,,,,,,,,,,,,,,,,,,
,,smri_vol_scs_crbcortexrh,,,,,,tfmri_saigvcg_bcdk_cdmdfrlh,tfmri_ma_acvn_b_cds_clmdfrlh,tfmri_nback_all_681,tfmri_sacsvis_bcdk_sufrlh,tfmri_ma_alvsr_b_cds_sufrlh,tfmri_nback_all_501,tfmri_saasvcg_bscs_hpuslh,tfmri_ma_aclvn_b_scs_hpuslh,tfmri_nback_all_13,tfmri_sacsvcg_bcdk_psobslh,tfmri_ma_alvsl_b_cds_pbalislh,tfmri_nback_all_560,,,rsfmri_var_scs_hpuslh,
,,,,,,,,,,,,,,,,,,,,,,,
,,smri_vol_scs_caudaterh,,,,,,tfmri_saigvcg_bcdk_cdmdfrrh,tfmri_ma_acvn_b_cds_clmdfrrh,tfmri_nback_all_715,tfmri_sacsvis_bcdk_sufrrh,tfmri_ma_alvsr_b_cds_sufrrh,tfmri_nback_all_535,tfmri_saasvcg_bscs_hpusrh,tfmri_ma_aclvn_b_scs_hpusrh,tfmri_nback_all_27,tfmri_sacsvcg_bcdk_psobsrh,tfmri_ma_alvsl_b_cds_pbalisrh,tfmri_nback_all_594,,,rsfmri_var_scs_hpusrh,
,,,,,,,,,,,,,,,,,,,,,,,
,,smri_vol_scs_putamenrh,,,,,,tfmri_saigvcg_bcdk_racgelh,tfmri_ma_acvn_b_cds_roatcgelh,tfmri_nback_all_703,tfmri_sacsvis_bscs_aalh,tfmri_ma_alvcr_b_scs_aalh,tfmri_nback_all_106,tfmri_saasvcg_bscs_pulh,tfmri_ma_aclvn_b_scs_ptlh,tfmri_nback_all_8,tfmri_sacsvcg_bcdk_pstglh,tfmri_ma_alvsl_b_cds_prgislh,tfmri_nback_all_561,,,rsfmri_var_scs_putamenlh,
,,,,,,,,,,,,,,,,,,,,,,,
,,smri_vol_scs_hpusrh,,,,,,tfmri_saigvcg_bcdk_racgerh,tfmri_ma_acvn_b_cds_roatcgerh,tfmri_nback_all_737,tfmri_sacsvis_bscs_aarh,tfmri_ma_alvcr_b_scs_aarh,tfmri_nback_all_119,tfmri_saasvcg_bscs_purh,tfmri_ma_aclvn_b_scs_ptrh,tfmri_nback_all_25,tfmri_sacsvcg_bcdk_pstgrh,tfmri_ma_alvsl_b_cds_prgisrh,tfmri_nback_all_595,,,rsfmri_var_scs_putamenrh,
,,,,,,,,,,,,,,,,,,,,,,,
,,,,,,,,tfmri_saigvcg_bcdk_rmdfrlh,tfmri_ma_acvn_b_cds_romdfrlh,tfmri_nback_all_704,tfmri_sacsvis_bscs_aylh,tfmri_ma_alvcr_b_scs_aylh,tfmri_nback_all_104,tfmri_sacgvf_bcdk_ifpalh,tfmri_ma_alrvn_b_cds_ifpalh,tfmri_nback_all_345,tfmri_sacsvcg_bscs_aalh,tfmri_ma_acgml_b_scs_aalh,tfmri_nback_all_136,,,,
,,,,,,,,,,,,,,,,,,,,,,,
,,,,,,,,tfmri_saigvcg_bcdk_rmdfrrh,tfmri_ma_acvn_b_cds_romdfrrh,tfmri_nback_all_738,tfmri_sacsvis_bscs_ayrh,tfmri_ma_alvcr_b_scs_ayrh,tfmri_nback_all_118,tfmri_sacgvf_bcdk_ifparh,tfmri_ma_alrvn_b_cds_ifparh,tfmri_nback_all_379,tfmri_sacsvcg_bscs_aarh,tfmri_ma_acgml_b_scs_aarh,tfmri_nback_all_149,,,,
,,,,,,,,,,,,,,,,,,,,,,,
,,,,,,,,tfmri_saigvis_bcdk_cdacgelh,tfmri_ma_arvn_b_cds_clatcgelh,tfmri_nback_all_612,tfmri_saigvcg_bcdk_laobofrlh,tfmri_ma_acvn_b_cds_lobofrlh,tfmri_nback_all_689,tfmri_sacgvf_bcdk_ihcgelh,tfmri_ma_alrvn_b_cds_ihcgelh,tfmri_nback_all_347,tfmri_sacsvcg_bscs_tplh,tfmri_ma_acgml_b_scs_tplh,tfmri_nback_all_126,,,,
,,,,,,,,,,,,,,,,,,,,,,,
,,,,,,,,tfmri_saigvis_bcdk_cdacgerh,tfmri_ma_arvn_b_cds_clatcgerh,tfmri_nback_all_646,tfmri_saigvcg_bcdk_laobofrrh,tfmri_ma_acvn_b_cds_lobofrrh,tfmri_nback_all_723,tfmri_sacgvf_bcdk_ihcgerh,tfmri_ma_alrvn_b_cds_ihcgerh,tfmri_nback_all_381,tfmri_sacsvcg_bscs_tprh,tfmri_ma_acgml_b_scs_tprh,tfmri_nback_all_143,,,,
,,,,,,,,,,,,,,,,,,,,,,,
,,,,,,,,tfmri_saigvis_bcdk_cdmdfrlh,tfmri_ma_arvn_b_cds_clmdfrlh,tfmri_nback_all_613,tfmri_saigvcg_bcdk_mobofrlh,tfmri_ma_acvn_b_cds_mobofrlh,tfmri_nback_all_691,tfmri_sacgvf_bcdk_mobofrlh,tfmri_ma_alrvn_b_cds_mobofrlh,tfmri_nback_all_351,tfmri_sacsvis_bcdk_cdacgelh,tfmri_ma_alvsr_b_cds_clatcgelh,tfmri_nback_all_476,,,,
,,,,,,,,,,,,,,,,,,,,,,,
,,,,,,,,tfmri_saigvis_bcdk_cdmdfrrh,tfmri_ma_arvn_b_cds_clmdfrrh,tfmri_nback_all_647,tfmri_saigvcg_bcdk_mobofrrh,tfmri_ma_acvn_b_cds_mobofrrh,tfmri_nback_all_725,tfmri_sacgvf_bcdk_mobofrrh,tfmri_ma_alrvn_b_cds_mobofrrh,tfmri_nback_all_385,tfmri_sacsvis_bcdk_cdacgerh,tfmri_ma_alvsr_b_cds_clatcgerh,tfmri_nback_all_510,,,,
,,,,,,,,,,,,,,,,,,,,,,,
,,,,,,,,tfmri_saigvis_bcdk_racgelh,tfmri_ma_arvn_b_cds_roatcgelh,tfmri_nback_all_635,tfmri_saigvcg_bcdk_sufrlh,tfmri_ma_acvn_b_cds_sufrlh,tfmri_nback_all_705,tfmri_sacgvf_bcdk_mdtplh,tfmri_ma_alrvn_b_cds_mdtplh,tfmri_nback_all_352,tfmri_sacsvis_bcdk_isalh,tfmri_ma_alvsr_b_cds_insulalh,tfmri_nback_all_508,,,,
,,,,,,,,,,,,,,,,,,,,,,,
,,,,,,,,tfmri_saigvis_bcdk_racgerh,tfmri_ma_arvn_b_cds_roatcgerh,tfmri_nback_all_669,tfmri_saigvcg_bcdk_sufrrh,tfmri_ma_acvn_b_cds_sufrrh,tfmri_nback_all_739,tfmri_sacgvf_bcdk_mdtprh,tfmri_ma_alrvn_b_cds_mdtprh,tfmri_nback_all_386,tfmri_sacsvis_bcdk_isarh,tfmri_ma_alvsr_b_cds_insularh,tfmri_nback_all_542,,,,
,,,,,,,,,,,,,,,,,,,,,,,
,,,,,,,,tfmri_saigvis_bcdk_rmdfrlh,tfmri_ma_arvn_b_cds_romdfrlh,tfmri_nback_all_636,tfmri_saigvcg_bscs_aalh,tfmri_ma_acvn_b_scs_aalh,tfmri_nback_all_196,tfmri_sacgvf_bcdk_pahpallh,tfmri_ma_alrvn_b_cds_phpallh,tfmri_nback_all_353,tfmri_sacsvis_bcdk_psopelh,tfmri_ma_alvsr_b_cds_ppclh,tfmri_nback_all_491,,,,
,,,,,,,,,,,,,,,,,,,,,,,
,,,,,,,,tfmri_saigvis_bcdk_rmdfrrh,tfmri_ma_arvn_b_cds_romdfrrh,tfmri_nback_all_670,tfmri_saigvcg_bscs_aarh,tfmri_ma_acvn_b_scs_aarh,tfmri_nback_all_209,tfmri_sacgvf_bcdk_pahpalrh,tfmri_ma_alrvn_b_cds_phpalrh,tfmri_nback_all_387,tfmri_sacsvis_bcdk_psoperh,tfmri_ma_alvsr_b_cds_ppcrh,tfmri_nback_all_525,,,,
,,,,,,,,,,,,,,,,,,,,,,,
,,,,,,,,tfmri_saisvcg_bcdk_cdacgelh,tfmri_ma_asvn_b_cds_clatcgelh,tfmri_nback_all_748,tfmri_saigvcg_bscs_aylh,tfmri_ma_acvn_b_scs_aylh,tfmri_nback_all_194,tfmri_sacgvf_bcdk_psopelh,tfmri_ma_alrvn_b_cds_ppclh,tfmri_nback_all_355,tfmri_sacsvis_bcdk_psobslh,tfmri_ma_alvsr_b_cds_pbalislh,tfmri_nback_all_492,,,,
,,,,,,,,,,,,,,,,,,,,,,,
,,,,,,,,tfmri_saisvcg_bcdk_cdacgerh,tfmri_ma_asvn_b_cds_clatcgerh,tfmri_nback_all_782,tfmri_saigvcg_bscs_ayrh,tfmri_ma_acvn_b_scs_ayrh,tfmri_nback_all_208,tfmri_sacgvf_bcdk_psoperh,tfmri_ma_alrvn_b_cds_ppcrh,tfmri_nback_all_389,tfmri_sacsvis_bcdk_psobsrh,tfmri_ma_alvsr_b_cds_pbalisrh,tfmri_nback_all_526,,,,
,,,,,,,,,,,,,,,,,,,,,,,
,,,,,,,,tfmri_saisvcg_bcdk_cdmdfrlh,tfmri_ma_asvn_b_cds_clmdfrlh,tfmri_nback_all_749,tfmri_saigvis_bcdk_laobofrlh,tfmri_ma_arvn_b_cds_lobofrlh,tfmri_nback_all_621,tfmri_sacgvf_bcdk_psobslh,tfmri_ma_alrvn_b_cds_pbalislh,tfmri_nback_all_356,tfmri_sacsvis_bcdk_pstglh,tfmri_ma_alvsr_b_cds_prgislh,tfmri_nback_all_493,,,,
,,,,,,,,,,,,,,,,,,,,,,,
,,,,,,,,tfmri_saisvcg_bcdk_cdmdfrrh,tfmri_ma_asvn_b_cds_clmdfrrh,tfmri_nback_all_783,tfmri_saigvis_bcdk_laobofrrh,tfmri_ma_arvn_b_cds_lobofrrh,tfmri_nback_all_655,tfmri_sacgvf_bcdk_psobsrh,tfmri_ma_alrvn_b_cds_pbalisrh,tfmri_nback_all_390,tfmri_sacsvis_bcdk_pstgrh,tfmri_ma_alvsr_b_cds_prgisrh,tfmri_nback_all_527,,,,
,,,,,,,,,,,,,,,,,,,,,,,
,,,,,,,,tfmri_saisvcg_bcdk_racgelh,tfmri_ma_asvn_b_cds_roatcgelh,tfmri_nback_all_771,tfmri_saigvis_bcdk_mobofrlh,tfmri_ma_arvn_b_cds_mobofrlh,tfmri_nback_all_623,tfmri_sacgvf_bcdk_pstglh,tfmri_ma_alrvn_b_cds_prgislh,tfmri_nback_all_357,tfmri_sacsvis_bscs_aalh,tfmri_ma_alvcr_b_scs_aalh,tfmri_nback_all_106,,,,
,,,,,,,,,,,,,,,,,,,,,,,
,,,,,,,,tfmri_saisvcg_bcdk_racgerh,tfmri_ma_asvn_b_cds_roatcgerh,tfmri_nback_all_805,tfmri_saigvis_bcdk_mobofrrh,tfmri_ma_arvn_b_cds_mobofrrh,tfmri_nback_all_657,tfmri_sacgvf_bcdk_pstgrh,tfmri_ma_alrvn_b_cds_prgisrh,tfmri_nback_all_391,tfmri_sacsvis_bscs_aarh,tfmri_ma_alvcr_b_scs_aarh,tfmri_nback_all_119,,,,
,,,,,,,,,,,,,,,,,,,,,,,
,,,,,,,,tfmri_saisvcg_bcdk_rmdfrlh,tfmri_ma_asvn_b_cds_romdfrlh,tfmri_nback_all_772,tfmri_saigvis_bcdk_sufrlh,tfmri_ma_arvn_b_cds_sufrlh,tfmri_nback_all_637,tfmri_sacgvf_bcdk_pocgelh,tfmri_ma_alrvn_b_cds_pocgelh,tfmri_nback_all_360,tfmri_sacsvis_bscs_tplh,tfmri_ma_alvcr_b_scs_tplh,tfmri_nback_all_96,,,,
,,,,,,,,,,,,,,,,,,,,,,,
,,,,,,,,tfmri_saisvcg_bcdk_rmdfrrh,tfmri_ma_asvn_b_cds_romdfrrh,tfmri_nback_all_806,tfmri_saigvis_bcdk_sufrrh,tfmri_ma_arvn_b_cds_sufrrh,tfmri_nback_all_671,tfmri_sacgvf_bcdk_pocgerh,tfmri_ma_alrvn_b_cds_pocgerh,tfmri_nback_all_394,tfmri_sacsvis_bscs_tprh,tfmri_ma_alvcr_b_scs_tprh,tfmri_nback_all_113,,,,
,,,,,,,,,,,,,,,,,,,,,,,
,,,,,,,,,tfmri_ma_asrvn_b_cds_clatcgelh,tfmri_nback_all_408,tfmri_saigvis_bscs_aalh,tfmri_ma_acdn_b_scs_aalh,tfmri_nback_all_166,tfmri_sacgvf_bcdk_pculh,tfmri_ma_alrvn_b_cds_pulh,tfmri_nback_all_362,tfmri_saigvcg_bcdk_cdacgelh,tfmri_ma_acvn_b_cds_clatcgelh,tfmri_nback_all_680,,,,
,,,,,,,,,,,,,,,,,,,,,,,
,,,,,,,,,tfmri_ma_asrvn_b_cds_clatcgerh,tfmri_nback_all_442,tfmri_saigvis_bscs_aarh,tfmri_ma_acdn_b_scs_aarh,tfmri_nback_all_179,tfmri_sacgvf_bcdk_pcurh,tfmri_ma_alrvn_b_cds_purh,tfmri_nback_all_396,tfmri_saigvcg_bcdk_cdacgerh,tfmri_ma_acvn_b_cds_clatcgerh,tfmri_nback_all_714,,,,
,,,,,,,,,,,,,,,,,,,,,,,
,,,,,,,,,tfmri_ma_asrvn_b_cds_clmdfrlh,tfmri_nback_all_409,tfmri_saigvis_bscs_aylh,tfmri_ma_acdn_b_scs_aylh,tfmri_nback_all_164,tfmri_sacgvf_bcdk_sufrlh,tfmri_ma_alrvn_b_cds_sufrlh,tfmri_nback_all_365,tfmri_saigvcg_bcdk_isalh,tfmri_ma_acvn_b_cds_insulalh,tfmri_nback_all_712,,,,
,,,,,,,,,,,,,,,,,,,,,,,
,,,,,,,,,tfmri_ma_asrvn_b_cds_clmdfrrh,tfmri_nback_all_443,tfmri_saigvis_bscs_ayrh,tfmri_ma_acdn_b_scs_ayrh,tfmri_nback_all_178,tfmri_sacgvf_bcdk_sufrrh,tfmri_ma_alrvn_b_cds_sufrrh,tfmri_nback_all_399,tfmri_saigvcg_bcdk_isarh,tfmri_ma_acvn_b_cds_insularh,tfmri_nback_all_746,,,,
,,,,,,,,,,,,,,,,,,,,,,,
,,,,,,,,,tfmri_ma_asrvn_b_cds_roatcgelh,tfmri_nback_all_431,tfmri_saisvcg_bcdk_laobofrlh,tfmri_ma_asvn_b_cds_lobofrlh,tfmri_nback_all_757,tfmri_sacgvf_bcdk_sutplh,tfmri_ma_alrvn_b_cds_sutplh,tfmri_nback_all_367,tfmri_saigvcg_bcdk_psopelh,tfmri_ma_acvn_b_cds_ppclh,tfmri_nback_all_695,,,,
,,,,,,,,,,,,,,,,,,,,,,,
,,,,,,,,,tfmri_ma_asrvn_b_cds_roatcgerh,tfmri_nback_all_465,tfmri_saisvcg_bcdk_laobofrrh,tfmri_ma_asvn_b_cds_lobofrrh,tfmri_nback_all_791,tfmri_sacgvf_bcdk_sutprh,tfmri_ma_alrvn_b_cds_sutprh,tfmri_nback_all_401,tfmri_saigvcg_bcdk_psoperh,tfmri_ma_acvn_b_cds_ppcrh,tfmri_nback_all_729,,,,
,,,,,,,,,,,,,,,,,,,,,,,
,,,,,,,,,tfmri_ma_asrvn_b_cds_romdfrlh,tfmri_nback_all_432,tfmri_saisvcg_bcdk_mobofrlh,tfmri_ma_asvn_b_cds_mobofrlh,tfmri_nback_all_759,tfmri_sacgvf_bcdk_smlh,tfmri_ma_alrvn_b_cds_smglh,tfmri_nback_all_368,tfmri_saigvcg_bcdk_psobslh,tfmri_ma_acvn_b_cds_pbalislh,tfmri_nback_all_696,,,,
,,,,,,,,,,,,,,,,,,,,,,,
,,,,,,,,,tfmri_ma_asrvn_b_cds_romdfrrh,tfmri_nback_all_466,tfmri_saisvcg_bcdk_mobofrrh,tfmri_ma_asvn_b_cds_mobofrrh,tfmri_nback_all_793,tfmri_sacgvf_bcdk_smrh,tfmri_ma_alrvn_b_cds_smgrh,tfmri_nback_all_402,tfmri_saigvcg_bcdk_psobsrh,tfmri_ma_acvn_b_cds_pbalisrh,tfmri_nback_all_730,,,,
,,,,,,,,,,,,,,,,,,,,,,,
,,,,,,,,,tfmri_ma_lvnfb_b_cds_clatcgelh,tfmri_nback_all_816,tfmri_saisvcg_bcdk_sufrlh,tfmri_ma_asvn_b_cds_sufrlh,tfmri_nback_all_773,tfmri_sacgvf_bcdk_tppelh,tfmri_ma_alrvn_b_cds_tppolelh,tfmri_nback_all_370,tfmri_saigvcg_bcdk_pstglh,tfmri_ma_acvn_b_cds_prgislh,tfmri_nback_all_697,,,,
,,,,,,,,,,,,,,,,,,,,,,,
,,,,,,,,,tfmri_ma_lvnfb_b_cds_clatcgerh,tfmri_nback_all_850,tfmri_saisvcg_bcdk_sufrrh,tfmri_ma_asvn_b_cds_sufrrh,tfmri_nback_all_807,tfmri_sacgvf_bcdk_tpperh,tfmri_ma_alrvn_b_cds_tppolerh,tfmri_nback_all_404,tfmri_saigvcg_bcdk_pstgrh,tfmri_ma_acvn_b_cds_prgisrh,tfmri_nback_all_731,,,,
,,,,,,,,,,,,,,,,,,,,,,,
,,,,,,,,,tfmri_ma_lvnfb_b_cds_clmdfrlh,tfmri_nback_all_817,tfmri_saisvcg_bscs_aalh,tfmri_ma_acmvn_b_scs_aalh,tfmri_nback_all_226,tfmri_sacgvf_bscs_cdelh,tfmri_ma_alrvn_b_scs_cdlh,tfmri_nback_all_37,tfmri_saigvcg_bscs_aalh,tfmri_ma_acvn_b_scs_aalh,tfmri_nback_all_196,,,,
,,,,,,,,,,,,,,,,,,,,,,,
,,,,,,,,,tfmri_ma_lvnfb_b_cds_clmdfrrh,tfmri_nback_all_851,tfmri_saisvcg_bscs_aarh,tfmri_ma_acmvn_b_scs_aarh,tfmri_nback_all_239,tfmri_sacgvf_bscs_cderh,tfmri_ma_alrvn_b_scs_cdrh,tfmri_nback_all_54,tfmri_saigvcg_bscs_aarh,tfmri_ma_acvn_b_scs_aarh,tfmri_nback_all_209,,,,
,,,,,,,,,,,,,,,,,,,,,,,
,,,,,,,,,tfmri_ma_lvnfb_b_cds_roagelh,tfmri_nback_all_839,tfmri_saisvcg_bscs_aylh,tfmri_ma_acmvn_b_scs_aylh,tfmri_nback_all_224,tfmri_sacgvf_bscs_crbcxlh,tfmri_ma_alrvn_b_scs_ccxlh,tfmri_nback_all_35,tfmri_saigvcg_bscs_tplh,tfmri_ma_acvn_b_scs_tplh,tfmri_nback_all_186,,,,
,,,,,,,,,,,,,,,,,,,,,,,
,,,,,,,,,tfmri_ma_lvnfb_b_cds_roatcgerh,tfmri_nback_all_873,tfmri_saisvcg_bscs_ayrh,tfmri_ma_acmvn_b_scs_ayrh,tfmri_nback_all_238,tfmri_sacgvf_bscs_crbcxrh,tfmri_ma_alrvn_b_scs_ccxrh,tfmri_nback_all_52,tfmri_saigvcg_bscs_tprh,tfmri_ma_acvn_b_scs_tprh,tfmri_nback_all_203,,,,
,,,,,,,,,,,,,,,,,,,,,,,
,,,,,,,,,tfmri_ma_lvnfb_b_cds_romdfrlh,tfmri_nback_all_840,,tfmri_ma_asrvn_b_cds_lobofrlh,tfmri_nback_all_417,tfmri_sacgvf_bscs_crbwmlh,tfmri_ma_alrvn_b_scs_cwmlh,tfmri_nback_all_34,tfmri_saigvis_bcdk_cdacgelh,tfmri_ma_arvn_b_cds_clatcgelh,tfmri_nback_all_612,,,,
,,,,,,,,,,,,,,,,,,,,,,,
,,,,,,,,,tfmri_ma_lvnfb_b_cds_romdfrrh,tfmri_nback_all_874,,tfmri_ma_asrvn_b_cds_lobofrrh,tfmri_nback_all_451,tfmri_sacgvf_bscs_crbwmrh,tfmri_ma_alrvn_b_scs_cwmrh,tfmri_nback_all_51,tfmri_saigvis_bcdk_cdacgerh,tfmri_ma_arvn_b_cds_clatcgerh,tfmri_nback_all_646,,,,
,,,,,,,,,,,,,,,,,,,,,,,
,,,,,,,,,tfmri_ma_rpvnfb_b_cds_clcgelh,,,tfmri_ma_asrvn_b_cds_mobofrlh,tfmri_nback_all_419,tfmri_sacgvf_bscs_hpuslh,tfmri_ma_alrvn_b_scs_hpuslh,tfmri_nback_all_43,tfmri_saigvis_bcdk_isalh,tfmri_ma_arvn_b_cds_insulalh,tfmri_nback_all_644,,,,
,,,,,,,,,,,,,,,,,,,,,,,
,,,,,,,,,tfmri_ma_rpvnfb_b_cds_clagerh,,,tfmri_ma_asrvn_b_cds_mobofrrh,tfmri_nback_all_453,tfmri_sacgvf_bscs_hpusrh,tfmri_ma_alrvn_b_scs_hpusrh,tfmri_nback_all_57,tfmri_saigvis_bcdk_isarh,tfmri_ma_arvn_b_cds_insularh,tfmri_nback_all_678,,,,
,,,,,,,,,,,,,,,,,,,,,,,
,,,,,,,,,tfmri_ma_rpvnfb_b_cds_clmdfrlh,,,tfmri_ma_asrvn_b_cds_sufrlh,tfmri_nback_all_433,tfmri_sacgvf_bscs_pulh,tfmri_ma_alrvn_b_scs_ptlh,tfmri_nback_all_38,tfmri_saigvis_bcdk_psopelh,tfmri_ma_arvn_b_cds_ppclh,tfmri_nback_all_627,,,,
,,,,,,,,,,,,,,,,,,,,,,,
,,,,,,,,,tfmri_ma_rpvnfb_b_cds_clmdfrrh,,,tfmri_ma_asrvn_b_cds_sufrrh,tfmri_nback_all_467,tfmri_sacgvf_bscs_purh,tfmri_ma_alrvn_b_scs_ptrh,tfmri_nback_all_55,tfmri_saigvis_bcdk_psoperh,tfmri_ma_arvn_b_cds_ppcrh,tfmri_nback_all_661,,,,
,,,,,,,,,,,,,,,,,,,,,,,
,,,,,,,,,tfmri_ma_rpvnfb_b_cds_roagelh,,,tfmri_ma_asrvn_b_scs_aalh,tfmri_nback_all_76,tfmri_sacsvcg_bcdk_ifpalh,tfmri_ma_alvsl_b_cds_ifpalh,tfmri_nback_all_549,tfmri_saigvis_bcdk_psobslh,tfmri_ma_arvn_b_cds_pbalislh,tfmri_nback_all_628,,,,
,,,,,,,,,,,,,,,,,,,,,,,
,,,,,,,,,tfmri_ma_rpvnfb_b_cds_roagerh,,,tfmri_ma_asrvn_b_scs_aarh,tfmri_nback_all_89,tfmri_sacsvcg_bcdk_ifparh,tfmri_ma_alvsl_b_cds_ifparh,tfmri_nback_all_583,tfmri_saigvis_bcdk_psobsrh,tfmri_ma_arvn_b_cds_pbalisrh,tfmri_nback_all_662,,,,
,,,,,,,,,,,,,,,,,,,,,,,
,,,,,,,,,tfmri_ma_rpvnfb_b_cds_romdfrlh,,,tfmri_ma_asrvn_b_scs_aylh,tfmri_nback_all_74,tfmri_sacsvcg_bcdk_ihcgelh,tfmri_ma_alvsl_b_cds_ihcgelh,tfmri_nback_all_551,tfmri_saigvis_bcdk_pstglh,tfmri_ma_arvn_b_cds_prgislh,tfmri_nback_all_629,,,,
,,,,,,,,,,,,,,,,,,,,,,,
,,,,,,,,,tfmri_ma_rpvnfb_b_cds_romdfrrh,,,tfmri_ma_asrvn_b_scs_ayrh,tfmri_nback_all_88,tfmri_sacsvcg_bcdk_ihcgerh,tfmri_ma_alvsl_b_cds_ihcgerh,tfmri_nback_all_585,tfmri_saigvis_bcdk_pstgrh,tfmri_ma_arvn_b_cds_prgisrh,tfmri_nback_all_663,,,,
,,,,,,,,,,,,,,,,,,,,,,,
,,,,,,,,,,,,tfmri_ma_lvnfb_b_cds_lobofrlh,tfmri_nback_all_825,tfmri_sacsvcg_bcdk_mobofrlh,tfmri_ma_alvsl_b_cds_mobofrlh,tfmri_nback_all_555,tfmri_saigvis_bscs_aalh,tfmri_ma_acdn_b_scs_aalh,tfmri_nback_all_166,,,,
,,,,,,,,,,,,,,,,,,,,,,,
,,,,,,,,,,,,tfmri_ma_lvnfb_b_cds_lobofrrh,tfmri_nback_all_859,tfmri_sacsvcg_bcdk_mobofrrh,tfmri_ma_alvsl_b_cds_mobofrrh,tfmri_nback_all_589,tfmri_saigvis_bscs_aarh,tfmri_ma_acdn_b_scs_aarh,tfmri_nback_all_179,,,,
,,,,,,,,,,,,,,,,,,,,,,,
,,,,,,,,,,,,tfmri_ma_lvnfb_b_cds_mobofrlh,tfmri_nback_all_827,tfmri_sacsvcg_bcdk_mdtplh,tfmri_ma_alvsl_b_cds_mdtplh,tfmri_nback_all_556,tfmri_saigvis_bscs_tplh,tfmri_ma_acdn_b_scs_tplh,tfmri_nback_all_156,,,,
,,,,,,,,,,,,,,,,,,,,,,,
,,,,,,,,,,,,tfmri_ma_lvnfb_b_cds_mobofrrh,tfmri_nback_all_861,tfmri_sacsvcg_bcdk_mdtprh,tfmri_ma_alvsl_b_cds_mdtprh,tfmri_nback_all_590,tfmri_saigvis_bscs_tprh,tfmri_ma_acdn_b_scs_tprh,tfmri_nback_all_173,,,,
,,,,,,,,,,,,,,,,,,,,,,,
,,,,,,,,,,,,tfmri_ma_lvnfb_b_cds_sufrlh,tfmri_nback_all_841,tfmri_sacsvcg_bcdk_pahpallh,tfmri_ma_alvsl_b_cds_phpallh,tfmri_nback_all_557,tfmri_saisvcg_bcdk_cdacgelh,tfmri_ma_asvn_b_cds_clatcgelh,tfmri_nback_all_748,,,,
,,,,,,,,,,,,,,,,,,,,,,,
,,,,,,,,,,,,tfmri_ma_lvnfb_b_cds_sufrrh,tfmri_nback_all_875,tfmri_sacsvcg_bcdk_pahpalrh,tfmri_ma_alvsl_b_cds_phpalrh,tfmri_nback_all_591,tfmri_saisvcg_bcdk_cdacgerh,tfmri_ma_asvn_b_cds_clatcgerh,tfmri_nback_all_782,,,,
,,,,,,,,,,,,,,,,,,,,,,,
,,,,,,,,,,,,tfmri_ma_lpvnfb_b_scs_aalh,tfmri_nback_all_256,tfmri_sacsvcg_bcdk_psopelh,tfmri_ma_alvsl_b_cds_ppclh,tfmri_nback_all_559,tfmri_saisvcg_bcdk_isalh,tfmri_ma_asvn_b_cds_insulalh,tfmri_nback_all_780,,,,
,,,,,,,,,,,,,,,,,,,,,,,
,,,,,,,,,,,,tfmri_ma_lpvnfb_b_scs_aarh,tfmri_nback_all_269,tfmri_sacsvcg_bcdk_psoperh,tfmri_ma_alvsl_b_cds_ppcrh,tfmri_nback_all_593,tfmri_saisvcg_bcdk_isarh,tfmri_ma_asvn_b_cds_insularh,tfmri_nback_all_814,,,,
,,,,,,,,,,,,,,,,,,,,,,,
,,,,,,,,,,,,tfmri_ma_lpvnfb_b_scs_aylh,tfmri_nback_all_254,tfmri_sacsvcg_bcdk_psobslh,tfmri_ma_alvsl_b_cds_pbalislh,tfmri_nback_all_560,tfmri_saisvcg_bcdk_psopelh,tfmri_ma_asvn_b_cds_ppclh,tfmri_nback_all_763,,,,
,,,,,,,,,,,,,,,,,,,,,,,
,,,,,,,,,,,,tfmri_ma_lpvnfb_b_scs_ayrh,tfmri_nback_all_268,tfmri_sacsvcg_bcdk_psobsrh,tfmri_ma_alvsl_b_cds_pbalisrh,tfmri_nback_all_594,tfmri_saisvcg_bcdk_psoperh,tfmri_ma_asvn_b_cds_ppcrh,tfmri_nback_all_797,,,,
,,,,,,,,,,,,,,,,,,,,,,,
,,,,,,,,,,,,tfmri_ma_rpvnfb_b_cds_lobofrlh,,tfmri_sacsvcg_bcdk_pstglh,tfmri_ma_alvsl_b_cds_prgislh,tfmri_nback_all_561,tfmri_saisvcg_bcdk_psobslh,tfmri_ma_asvn_b_cds_pbalislh,tfmri_nback_all_764,,,,
,,,,,,,,,,,,,,,,,,,,,,,
,,,,,,,,,,,,tfmri_ma_rpvnfb_b_cds_lobofrrh,,tfmri_sacsvcg_bcdk_pstgrh,tfmri_ma_alvsl_b_cds_prgisrh,tfmri_nback_all_595,tfmri_saisvcg_bcdk_psobsrh,tfmri_ma_asvn_b_cds_pbalisrh,tfmri_nback_all_798,,,,
,,,,,,,,,,,,,,,,,,,,,,,
,,,,,,,,,,,,tfmri_ma_rpvnfb_b_cds_mobofrlh,,tfmri_sacsvcg_bcdk_pocgelh,tfmri_ma_alvsl_b_cds_pocgelh,tfmri_nback_all_564,tfmri_saisvcg_bcdk_pstglh,tfmri_ma_asvn_b_cds_prgislh,tfmri_nback_all_765,,,,
,,,,,,,,,,,,,,,,,,,,,,,
,,,,,,,,,,,,tfmri_ma_rpvnfb_b_cds_mobofrrh,,tfmri_sacsvcg_bcdk_pocgerh,tfmri_ma_alvsl_b_cds_pocgerh,tfmri_nback_all_598,tfmri_saisvcg_bcdk_pstgrh,tfmri_ma_asvn_b_cds_prgisrh,tfmri_nback_all_799,,,,
,,,,,,,,,,,,,,,,,,,,,,,
,,,,,,,,,,,,tfmri_ma_rpvnfb_b_cds_sufrlh,,tfmri_sacsvcg_bcdk_pculh,tfmri_ma_alvsl_b_cds_pulh,tfmri_nback_all_566,tfmri_saisvcg_bscs_aalh,tfmri_ma_acmvn_b_scs_aalh,tfmri_nback_all_226,,,,
,,,,,,,,,,,,,,,,,,,,,,,
,,,,,,,,,,,,tfmri_ma_rpvnfb_b_cds_sufrrh,,tfmri_sacsvcg_bcdk_pcurh,tfmri_ma_alvsl_b_cds_purh,tfmri_nback_all_600,tfmri_saisvcg_bscs_aarh,tfmri_ma_acmvn_b_scs_aarh,tfmri_nback_all_239,,,,
,,,,,,,,,,,,,,,,,,,,,,,
,,,,,,,,,,,,tfmri_ma_rpvnfb_b_scs_aalh,,tfmri_sacsvcg_bcdk_sufrlh,tfmri_ma_alvsl_b_cds_sufrlh,tfmri_nback_all_569,tfmri_saisvcg_bscs_tplh,tfmri_ma_acmvn_b_scs_tplh,tfmri_nback_all_216,,,,
,,,,,,,,,,,,,,,,,,,,,,,
,,,,,,,,,,,,tfmri_ma_rpvnfb_b_scs_aarh,,tfmri_sacsvcg_bcdk_sufrrh,tfmri_ma_alvsl_b_cds_sufrrh,tfmri_nback_all_603,tfmri_saisvcg_bscs_tprh,tfmri_ma_acmvn_b_scs_tprh,tfmri_nback_all_233,,,,
,,,,,,,,,,,,,,,,,,,,,,,
,,,,,,,,,,,,tfmri_ma_rpvnfb_b_scs_aylh,,tfmri_sacsvcg_bcdk_sutplh,tfmri_ma_alvsl_b_cds_sutplh,tfmri_nback_all_571,,tfmri_ma_asrvn_b_cds_clatcgelh,tfmri_nback_all_408,,,,
,,,,,,,,,,,,,,,,,,,,,,,
,,,,,,,,,,,,tfmri_ma_rpvnfb_b_scs_ayrh,,tfmri_sacsvcg_bcdk_sutprh,tfmri_ma_alvsl_b_cds_sutprh,tfmri_nback_all_605,,tfmri_ma_asrvn_b_cds_clatcgerh,tfmri_nback_all_442,,,,
,,,,,,,,,,,,,,,,,,,,,,,
,,,,,,,,,,,,,,tfmri_sacsvcg_bcdk_smlh,tfmri_ma_alvsl_b_cds_smglh,tfmri_nback_all_572,,tfmri_ma_asrvn_b_cds_insulalh,tfmri_nback_all_440,,,,
,,,,,,,,,,,,,,,,,,,,,,,
,,,,,,,,,,,,,,tfmri_sacsvcg_bcdk_smrh,tfmri_ma_alvsl_b_cds_smgrh,tfmri_nback_all_606,,tfmri_ma_asrvn_b_cds_insularh,tfmri_nback_all_474,,,,
,,,,,,,,,,,,,,,,,,,,,,,
,,,,,,,,,,,,,,tfmri_sacsvcg_bcdk_tppelh,tfmri_ma_alvsl_b_cds_tppolelh,tfmri_nback_all_574,,tfmri_ma_asrvn_b_cds_ppclh,tfmri_nback_all_423,,,,
,,,,,,,,,,,,,,,,,,,,,,,
,,,,,,,,,,,,,,tfmri_sacsvcg_bcdk_tpperh,tfmri_ma_alvsl_b_cds_tppolerh,tfmri_nback_all_608,,tfmri_ma_asrvn_b_cds_ppcrh,tfmri_nback_all_457,,,,
,,,,,,,,,,,,,,,,,,,,,,,
,,,,,,,,,,,,,,tfmri_sacsvcg_bscs_cdelh,tfmri_ma_acgml_b_scs_cdlh,tfmri_nback_all_127,,tfmri_ma_asrvn_b_cds_pbalislh,tfmri_nback_all_424,,,,
,,,,,,,,,,,,,,,,,,,,,,,
,,,,,,,,,,,,,,tfmri_sacsvcg_bscs_cderh,tfmri_ma_acgml_b_scs_cdrh,tfmri_nback_all_144,,tfmri_ma_asrvn_b_cds_pbalisrh,tfmri_nback_all_458,,,,
,,,,,,,,,,,,,,,,,,,,,,,
,,,,,,,,,,,,,,tfmri_sacsvcg_bscs_crbcxlh,tfmri_ma_acgml_b_scs_ccxlh,tfmri_nback_all_125,,tfmri_ma_asrvn_b_cds_prgislh,tfmri_nback_all_425,,,,
,,,,,,,,,,,,,,,,,,,,,,,
,,,,,,,,,,,,,,tfmri_sacsvcg_bscs_crbcxrh,tfmri_ma_acgml_b_scs_ccxrh,tfmri_nback_all_142,,tfmri_ma_asrvn_b_cds_prgisrh,tfmri_nback_all_459,,,,
,,,,,,,,,,,,,,,,,,,,,,,
,,,,,,,,,,,,,,tfmri_sacsvcg_bscs_crbwmlh,tfmri_ma_acgml_b_scs_cwmlh,tfmri_nback_all_124,,tfmri_ma_asrvn_b_scs_aalh,tfmri_nback_all_76,,,,
,,,,,,,,,,,,,,,,,,,,,,,
,,,,,,,,,,,,,,tfmri_sacsvcg_bscs_crbwmrh,tfmri_ma_acgml_b_scs_cwmrh,tfmri_nback_all_141,,tfmri_ma_asrvn_b_scs_aarh,tfmri_nback_all_89,,,,
,,,,,,,,,,,,,,,,,,,,,,,
,,,,,,,,,,,,,,tfmri_sacsvcg_bscs_hpuslh,tfmri_ma_acgml_b_scs_hpuslh,tfmri_nback_all_133,,tfmri_ma_asrvn_b_scs_tplh,tfmri_nback_all_66,,,,
,,,,,,,,,,,,,,,,,,,,,,,
,,,,,,,,,,,,,,tfmri_sacsvcg_bscs_hpusrh,tfmri_ma_acgml_b_scs_hpusrh,tfmri_nback_all_147,,tfmri_ma_asrvn_b_scs_tprh,tfmri_nback_all_83,,,,
,,,,,,,,,,,,,,,,,,,,,,,
,,,,,,,,,,,,,,tfmri_sacsvcg_bscs_pulh,tfmri_ma_acgml_b_scs_ptlh,tfmri_nback_all_128,,tfmri_ma_lvnfb_b_cds_clatcgelh,tfmri_nback_all_816,,,,
,,,,,,,,,,,,,,,,,,,,,,,
,,,,,,,,,,,,,,tfmri_sacsvcg_bscs_purh,tfmri_ma_acgml_b_scs_ptrh,tfmri_nback_all_145,,tfmri_ma_lvnfb_b_cds_clatcgerh,tfmri_nback_all_850,,,,
,,,,,,,,,,,,,,,,,,,,,,,
,,,,,,,,,,,,,,tfmri_sacsvis_bcdk_ifpalh,tfmri_ma_alvsr_b_cds_ifpalh,tfmri_nback_all_481,,tfmri_ma_lvnfb_b_cds_insulalh,tfmri_nback_all_848,,,,
,,,,,,,,,,,,,,,,,,,,,,,
,,,,,,,,,,,,,,tfmri_sacsvis_bcdk_ifparh,tfmri_ma_alvsr_b_cds_ifparh,tfmri_nback_all_515,,tfmri_ma_lvnfb_b_cds_insularh,tfmri_nback_all_882,,,,
,,,,,,,,,,,,,,,,,,,,,,,
,,,,,,,,,,,,,,tfmri_sacsvis_bcdk_ihcgelh,tfmri_ma_alvsr_b_cds_ihcgelh,tfmri_nback_all_483,,tfmri_ma_lvnfb_b_cds_ppclh,tfmri_nback_all_831,,,,
,,,,,,,,,,,,,,,,,,,,,,,
,,,,,,,,,,,,,,tfmri_sacsvis_bcdk_ihcgerh,tfmri_ma_alvsr_b_cds_ihcgerh,tfmri_nback_all_517,,tfmri_ma_lvnfb_b_cds_ppcrh,tfmri_nback_all_865,,,,
,,,,,,,,,,,,,,,,,,,,,,,
,,,,,,,,,,,,,,tfmri_sacsvis_bcdk_mobofrlh,tfmri_ma_alvsr_b_cds_mobofrlh,tfmri_nback_all_487,,tfmri_ma_lvnfb_b_cds_pbalislh,tfmri_nback_all_832,,,,
,,,,,,,,,,,,,,,,,,,,,,,
,,,,,,,,,,,,,,tfmri_sacsvis_bcdk_mobofrrh,tfmri_ma_alvsr_b_cds_mobofrrh,tfmri_nback_all_521,,tfmri_ma_lvnfb_b_cds_pbalisrh,tfmri_nback_all_866,,,,
,,,,,,,,,,,,,,,,,,,,,,,
,,,,,,,,,,,,,,tfmri_sacsvis_bcdk_mdtplh,tfmri_ma_alvsr_b_cds_mdtplh,tfmri_nback_all_488,,tfmri_ma_lvnfb_b_cds_prgislh,tfmri_nback_all_833,,,,
,,,,,,,,,,,,,,,,,,,,,,,
,,,,,,,,,,,,,,tfmri_sacsvis_bcdk_mdtprh,tfmri_ma_alvsr_b_cds_mdtprh,tfmri_nback_all_522,,tfmri_ma_lvnfb_b_cds_prgisrh,tfmri_nback_all_867,,,,
,,,,,,,,,,,,,,,,,,,,,,,
,,,,,,,,,,,,,,tfmri_sacsvis_bcdk_pahpallh,tfmri_ma_alvsr_b_cds_phpallh,tfmri_nback_all_489,,tfmri_ma_lpvnfb_b_scs_aalh,tfmri_nback_all_256,,,,
,,,,,,,,,,,,,,,,,,,,,,,
,,,,,,,,,,,,,,tfmri_sacsvis_bcdk_pahpalrh,tfmri_ma_alvsr_b_cds_phpalrh,tfmri_nback_all_523,,tfmri_ma_lpvnfb_b_scs_aarh,tfmri_nback_all_269,,,,
,,,,,,,,,,,,,,,,,,,,,,,
,,,,,,,,,,,,,,tfmri_sacsvis_bcdk_psopelh,tfmri_ma_alvsr_b_cds_ppclh,tfmri_nback_all_491,,tfmri_ma_lpvnfb_b_scs_tplh,tfmri_nback_all_246,,,,
,,,,,,,,,,,,,,,,,,,,,,,
,,,,,,,,,,,,,,tfmri_sacsvis_bcdk_psoperh,tfmri_ma_alvsr_b_cds_ppcrh,tfmri_nback_all_525,,tfmri_ma_lpvnfb_b_scs_tprh,tfmri_nback_all_263,,,,
,,,,,,,,,,,,,,,,,,,,,,,
,,,,,,,,,,,,,,tfmri_sacsvis_bcdk_psobslh,tfmri_ma_alvsr_b_cds_pbalislh,tfmri_nback_all_492,,tfmri_ma_rpvnfb_b_cds_clcgelh,,,,,
,,,,,,,,,,,,,,,,,,,,,,,
,,,,,,,,,,,,,,tfmri_sacsvis_bcdk_psobsrh,tfmri_ma_alvsr_b_cds_pbalisrh,tfmri_nback_all_526,,tfmri_ma_rpvnfb_b_cds_clagerh,,,,,
,,,,,,,,,,,,,,,,,,,,,,,
,,,,,,,,,,,,,,tfmri_sacsvis_bcdk_pstglh,tfmri_ma_alvsr_b_cds_prgislh,tfmri_nback_all_493,,tfmri_ma_rpvnfb_b_cds_insulalh,,,,,
,,,,,,,,,,,,,,,,,,,,,,,
,,,,,,,,,,,,,,tfmri_sacsvis_bcdk_pstgrh,tfmri_ma_alvsr_b_cds_prgisrh,tfmri_nback_all_527,,tfmri_ma_rpvnfb_b_cds_insularh,,,,,
,,,,,,,,,,,,,,,,,,,,,,,
,,,,,,,,,,,,,,tfmri_sacsvis_bcdk_pocgelh,tfmri_ma_alvsr_b_cds_pocgelh,tfmri_nback_all_496,,tfmri_ma_rpvnfb_b_cds_ppclh,,,,,
,,,,,,,,,,,,,,,,,,,,,,,
,,,,,,,,,,,,,,tfmri_sacsvis_bcdk_pocgerh,tfmri_ma_alvsr_b_cds_pocgerh,tfmri_nback_all_530,,tfmri_ma_rpvnfb_b_cds_ppcrh,,,,,
,,,,,,,,,,,,,,,,,,,,,,,
,,,,,,,,,,,,,,tfmri_sacsvis_bcdk_pculh,tfmri_ma_alvsr_b_cds_pulh,tfmri_nback_all_498,,tfmri_ma_rpvnfb_b_cds_pbalislh,,,,,
,,,,,,,,,,,,,,,,,,,,,,,
,,,,,,,,,,,,,,tfmri_sacsvis_bcdk_pcurh,tfmri_ma_alvsr_b_cds_purh,tfmri_nback_all_532,,tfmri_ma_rpvnfb_b_cds_pbalisrh,,,,,
,,,,,,,,,,,,,,,,,,,,,,,
,,,,,,,,,,,,,,tfmri_sacsvis_bcdk_sufrlh,tfmri_ma_alvsr_b_cds_sufrlh,tfmri_nback_all_501,,tfmri_ma_rpvnfb_b_cds_prgislh,,,,,
,,,,,,,,,,,,,,,,,,,,,,,
,,,,,,,,,,,,,,tfmri_sacsvis_bcdk_sufrrh,tfmri_ma_alvsr_b_cds_sufrrh,tfmri_nback_all_535,,tfmri_ma_rpvnfb_b_cds_prgisrh,,,,,
,,,,,,,,,,,,,,,,,,,,,,,
,,,,,,,,,,,,,,tfmri_sacsvis_bcdk_sutplh,tfmri_ma_alvsr_b_cds_sutplh,tfmri_nback_all_503,,tfmri_ma_rpvnfb_b_scs_aalh,,,,,
,,,,,,,,,,,,,,,,,,,,,,,
,,,,,,,,,,,,,,tfmri_sacsvis_bcdk_sutprh,tfmri_ma_alvsr_b_cds_sutprh,tfmri_nback_all_537,,tfmri_ma_rpvnfb_b_scs_aarh,,,,,
,,,,,,,,,,,,,,,,,,,,,,,
,,,,,,,,,,,,,,tfmri_sacsvis_bcdk_smlh,tfmri_ma_alvsr_b_cds_smglh,tfmri_nback_all_504,,tfmri_ma_rpvnfb_b_scs_tplh,,,,,
,,,,,,,,,,,,,,,,,,,,,,,
,,,,,,,,,,,,,,tfmri_sacsvis_bcdk_smrh,tfmri_ma_alvsr_b_cds_smgrh,tfmri_nback_all_538,,tfmri_ma_rpvnfb_b_scs_tprh,,,,,
,,,,,,,,,,,,,,,,,,,,,,,
,,,,,,,,,,,,,,tfmri_sacsvis_bcdk_tppelh,tfmri_ma_alvsr_b_cds_tppolelh,tfmri_nback_all_506,,,,,,,
,,,,,,,,,,,,,,,,,,,,,,,
,,,,,,,,,,,,,,tfmri_sacsvis_bcdk_tpperh,tfmri_ma_alvsr_b_cds_tppolerh,tfmri_nback_all_540,,,,,,,
,,,,,,,,,,,,,,,,,,,,,,,
,,,,,,,,,,,,,,tfmri_sacsvis_bscs_cdelh,tfmri_ma_alvcr_b_scs_cdlh,tfmri_nback_all_97,,,,,,,
,,,,,,,,,,,,,,,,,,,,,,,
,,,,,,,,,,,,,,tfmri_sacsvis_bscs_cderh,tfmri_ma_alvcr_b_scs_cdrh,tfmri_nback_all_114,,,,,,,
,,,,,,,,,,,,,,,,,,,,,,,
,,,,,,,,,,,,,,tfmri_sacsvis_bscs_crbcxlh,tfmri_ma_alvcr_b_scs_ccxlh,tfmri_nback_all_95,,,,,,,
,,,,,,,,,,,,,,,,,,,,,,,
,,,,,,,,,,,,,,tfmri_sacsvis_bscs_crbcxrh,tfmri_ma_alvcr_b_scs_ccxrh,tfmri_nback_all_112,,,,,,,
,,,,,,,,,,,,,,,,,,,,,,,
,,,,,,,,,,,,,,tfmri_sacsvis_bscs_crbwmlh,tfmri_ma_alvcr_b_scs_cwmlh,tfmri_nback_all_94,,,,,,,
,,,,,,,,,,,,,,,,,,,,,,,
,,,,,,,,,,,,,,tfmri_sacsvis_bscs_crbwmrh,tfmri_ma_alvcr_b_scs_cwmrh,tfmri_nback_all_111,,,,,,,
,,,,,,,,,,,,,,,,,,,,,,,
,,,,,,,,,,,,,,tfmri_sacsvis_bscs_hpuslh,tfmri_ma_alvcr_b_scs_hpuslh,tfmri_nback_all_103,,,,,,,
,,,,,,,,,,,,,,,,,,,,,,,
,,,,,,,,,,,,,,tfmri_sacsvis_bscs_hpusrh,tfmri_ma_alvcr_b_scs_hpusrh,tfmri_nback_all_117,,,,,,,
,,,,,,,,,,,,,,,,,,,,,,,
,,,,,,,,,,,,,,tfmri_sacsvis_bscs_pulh,tfmri_ma_alvcr_b_scs_ptlh,tfmri_nback_all_98,,,,,,,
,,,,,,,,,,,,,,,,,,,,,,,
,,,,,,,,,,,,,,tfmri_sacsvis_bscs_purh,tfmri_ma_alvcr_b_scs_ptrh,tfmri_nback_all_115,,,,,,,
,,,,,,,,,,,,,,,,,,,,,,,
,,,,,,,,,,,,,,tfmri_saigvcg_bcdk_ifpalh,tfmri_ma_acvn_b_cds_ifpalh,tfmri_nback_all_685,,,,,,,
,,,,,,,,,,,,,,,,,,,,,,,
,,,,,,,,,,,,,,tfmri_saigvcg_bcdk_ifparh,tfmri_ma_acvn_b_cds_ifparh,tfmri_nback_all_719,,,,,,,
,,,,,,,,,,,,,,,,,,,,,,,
,,,,,,,,,,,,,,tfmri_saigvcg_bcdk_ihcgelh,tfmri_ma_acvn_b_cds_ihcgelh,tfmri_nback_all_687,,,,,,,
,,,,,,,,,,,,,,,,,,,,,,,
,,,,,,,,,,,,,,tfmri_saigvcg_bcdk_ihcgerh,tfmri_ma_acvn_b_cds_ihcgerh,tfmri_nback_all_721,,,,,,,
,,,,,,,,,,,,,,,,,,,,,,,
,,,,,,,,,,,,,,tfmri_saigvcg_bcdk_mobofrlh,tfmri_ma_acvn_b_cds_mobofrlh,tfmri_nback_all_691,,,,,,,
,,,,,,,,,,,,,,,,,,,,,,,
,,,,,,,,,,,,,,tfmri_saigvcg_bcdk_mobofrrh,tfmri_ma_acvn_b_cds_mobofrrh,tfmri_nback_all_725,,,,,,,
,,,,,,,,,,,,,,,,,,,,,,,
,,,,,,,,,,,,,,tfmri_saigvcg_bcdk_mdtplh,tfmri_ma_acvn_b_cds_mdtplh,tfmri_nback_all_692,,,,,,,
,,,,,,,,,,,,,,,,,,,,,,,
,,,,,,,,,,,,,,tfmri_saigvcg_bcdk_mdtprh,tfmri_ma_acvn_b_cds_mdtprh,tfmri_nback_all_726,,,,,,,
,,,,,,,,,,,,,,,,,,,,,,,
,,,,,,,,,,,,,,tfmri_saigvcg_bcdk_pahpallh,tfmri_ma_acvn_b_cds_phpallh,tfmri_nback_all_693,,,,,,,
,,,,,,,,,,,,,,,,,,,,,,,
,,,,,,,,,,,,,,tfmri_saigvcg_bcdk_pahpalrh,tfmri_ma_acvn_b_cds_phpalrh,tfmri_nback_all_727,,,,,,,
,,,,,,,,,,,,,,,,,,,,,,,
,,,,,,,,,,,,,,tfmri_saigvcg_bcdk_psopelh,tfmri_ma_acvn_b_cds_ppclh,tfmri_nback_all_695,,,,,,,
,,,,,,,,,,,,,,,,,,,,,,,
,,,,,,,,,,,,,,tfmri_saigvcg_bcdk_psoperh,tfmri_ma_acvn_b_cds_ppcrh,tfmri_nback_all_729,,,,,,,
,,,,,,,,,,,,,,,,,,,,,,,
,,,,,,,,,,,,,,tfmri_saigvcg_bcdk_psobslh,tfmri_ma_acvn_b_cds_pbalislh,tfmri_nback_all_696,,,,,,,
,,,,,,,,,,,,,,,,,,,,,,,
,,,,,,,,,,,,,,tfmri_saigvcg_bcdk_psobsrh,tfmri_ma_acvn_b_cds_pbalisrh,tfmri_nback_all_730,,,,,,,
,,,,,,,,,,,,,,,,,,,,,,,
,,,,,,,,,,,,,,tfmri_saigvcg_bcdk_pstglh,tfmri_ma_acvn_b_cds_prgislh,tfmri_nback_all_697,,,,,,,
,,,,,,,,,,,,,,,,,,,,,,,
,,,,,,,,,,,,,,tfmri_saigvcg_bcdk_pstgrh,tfmri_ma_acvn_b_cds_prgisrh,tfmri_nback_all_731,,,,,,,
,,,,,,,,,,,,,,,,,,,,,,,
,,,,,,,,,,,,,,tfmri_saigvcg_bcdk_pocgelh,tfmri_ma_acvn_b_cds_pocgelh,tfmri_nback_all_700,,,,,,,
,,,,,,,,,,,,,,,,,,,,,,,
,,,,,,,,,,,,,,tfmri_saigvcg_bcdk_pocgerh,tfmri_ma_acvn_b_cds_pocgerh,tfmri_nback_all_734,,,,,,,
,,,,,,,,,,,,,,,,,,,,,,,
,,,,,,,,,,,,,,tfmri_saigvcg_bcdk_pculh,tfmri_ma_acvn_b_cds_pulh,tfmri_nback_all_702,,,,,,,
,,,,,,,,,,,,,,,,,,,,,,,
,,,,,,,,,,,,,,tfmri_saigvcg_bcdk_pcurh,tfmri_ma_acvn_b_cds_purh,tfmri_nback_all_736,,,,,,,
,,,,,,,,,,,,,,,,,,,,,,,
,,,,,,,,,,,,,,tfmri_saigvcg_bcdk_sufrlh,tfmri_ma_acvn_b_cds_sufrlh,tfmri_nback_all_705,,,,,,,
,,,,,,,,,,,,,,,,,,,,,,,
,,,,,,,,,,,,,,tfmri_saigvcg_bcdk_sufrrh,tfmri_ma_acvn_b_cds_sufrrh,tfmri_nback_all_739,,,,,,,
,,,,,,,,,,,,,,,,,,,,,,,
,,,,,,,,,,,,,,tfmri_saigvcg_bcdk_sutplh,tfmri_ma_acvn_b_cds_sutplh,tfmri_nback_all_707,,,,,,,
,,,,,,,,,,,,,,,,,,,,,,,
,,,,,,,,,,,,,,tfmri_saigvcg_bcdk_sutprh,tfmri_ma_acvn_b_cds_sutprh,tfmri_nback_all_741,,,,,,,
,,,,,,,,,,,,,,,,,,,,,,,
,,,,,,,,,,,,,,tfmri_saigvcg_bcdk_smlh,tfmri_ma_acvn_b_cds_smglh,tfmri_nback_all_708,,,,,,,
,,,,,,,,,,,,,,,,,,,,,,,
,,,,,,,,,,,,,,tfmri_saigvcg_bcdk_smrh,tfmri_ma_acvn_b_cds_smgrh,tfmri_nback_all_742,,,,,,,
,,,,,,,,,,,,,,,,,,,,,,,
,,,,,,,,,,,,,,tfmri_saigvcg_bcdk_tppelh,tfmri_ma_acvn_b_cds_tppolelh,tfmri_nback_all_710,,,,,,,
,,,,,,,,,,,,,,,,,,,,,,,
,,,,,,,,,,,,,,tfmri_saigvcg_bcdk_tpperh,tfmri_ma_acvn_b_cds_tppolerh,tfmri_nback_all_744,,,,,,,
,,,,,,,,,,,,,,,,,,,,,,,
,,,,,,,,,,,,,,tfmri_saigvcg_bscs_cdelh,tfmri_ma_acvn_b_scs_cdlh,tfmri_nback_all_187,,,,,,,
,,,,,,,,,,,,,,,,,,,,,,,
,,,,,,,,,,,,,,tfmri_saigvcg_bscs_cderh,tfmri_ma_acvn_b_scs_cdrh,tfmri_nback_all_204,,,,,,,
,,,,,,,,,,,,,,,,,,,,,,,
,,,,,,,,,,,,,,tfmri_saigvcg_bscs_crbcxlh,tfmri_ma_acvn_b_scs_ccxlh,tfmri_nback_all_185,,,,,,,
,,,,,,,,,,,,,,,,,,,,,,,
,,,,,,,,,,,,,,tfmri_saigvcg_bscs_crbcxrh,tfmri_ma_acvn_b_scs_ccxrh,tfmri_nback_all_202,,,,,,,
,,,,,,,,,,,,,,,,,,,,,,,
,,,,,,,,,,,,,,tfmri_saigvcg_bscs_crbwmlh,tfmri_ma_acvn_b_scs_cwmlh,tfmri_nback_all_184,,,,,,,
,,,,,,,,,,,,,,,,,,,,,,,
,,,,,,,,,,,,,,tfmri_saigvcg_bscs_crbwmrh,tfmri_ma_acvn_b_scs_cwmrh,tfmri_nback_all_201,,,,,,,
,,,,,,,,,,,,,,,,,,,,,,,
,,,,,,,,,,,,,,tfmri_saigvcg_bscs_hpuslh,tfmri_ma_acvn_b_scs_hpuslh,tfmri_nback_all_193,,,,,,,
,,,,,,,,,,,,,,,,,,,,,,,
,,,,,,,,,,,,,,tfmri_saigvcg_bscs_hpusrh,tfmri_ma_acvn_b_scs_hpusrh,tfmri_nback_all_207,,,,,,,
,,,,,,,,,,,,,,,,,,,,,,,
,,,,,,,,,,,,,,tfmri_saigvcg_bscs_pulh,tfmri_ma_acvn_b_scs_ptlh,tfmri_nback_all_188,,,,,,,
,,,,,,,,,,,,,,,,,,,,,,,
,,,,,,,,,,,,,,tfmri_saigvcg_bscs_purh,tfmri_ma_acvn_b_scs_ptrh,tfmri_nback_all_205,,,,,,,
,,,,,,,,,,,,,,,,,,,,,,,
,,,,,,,,,,,,,,tfmri_saigvis_bcdk_ifpalh,tfmri_ma_arvn_b_cds_ifpalh,tfmri_nback_all_617,,,,,,,
,,,,,,,,,,,,,,,,,,,,,,,
,,,,,,,,,,,,,,tfmri_saigvis_bcdk_ifparh,tfmri_ma_arvn_b_cds_ifparh,tfmri_nback_all_651,,,,,,,
,,,,,,,,,,,,,,,,,,,,,,,
,,,,,,,,,,,,,,tfmri_saigvis_bcdk_ihcgelh,tfmri_ma_arvn_b_cds_ihcgelh,tfmri_nback_all_619,,,,,,,
,,,,,,,,,,,,,,,,,,,,,,,
,,,,,,,,,,,,,,tfmri_saigvis_bcdk_ihcgerh,tfmri_ma_arvn_b_cds_ihcgerh,tfmri_nback_all_653,,,,,,,
,,,,,,,,,,,,,,,,,,,,,,,
,,,,,,,,,,,,,,tfmri_saigvis_bcdk_mobofrlh,tfmri_ma_arvn_b_cds_mobofrlh,tfmri_nback_all_623,,,,,,,
,,,,,,,,,,,,,,,,,,,,,,,
,,,,,,,,,,,,,,tfmri_saigvis_bcdk_mobofrrh,tfmri_ma_arvn_b_cds_mobofrrh,tfmri_nback_all_657,,,,,,,
,,,,,,,,,,,,,,,,,,,,,,,
,,,,,,,,,,,,,,tfmri_saigvis_bcdk_mdtplh,tfmri_ma_arvn_b_cds_mdtplh,tfmri_nback_all_624,,,,,,,
,,,,,,,,,,,,,,,,,,,,,,,
,,,,,,,,,,,,,,tfmri_saigvis_bcdk_mdtprh,tfmri_ma_arvn_b_cds_mdtprh,tfmri_nback_all_658,,,,,,,
,,,,,,,,,,,,,,,,,,,,,,,
,,,,,,,,,,,,,,tfmri_saigvis_bcdk_pahpallh,tfmri_ma_arvn_b_cds_phpallh,tfmri_nback_all_625,,,,,,,
,,,,,,,,,,,,,,,,,,,,,,,
,,,,,,,,,,,,,,tfmri_saigvis_bcdk_pahpalrh,tfmri_ma_arvn_b_cds_phpalrh,tfmri_nback_all_659,,,,,,,
,,,,,,,,,,,,,,,,,,,,,,,
,,,,,,,,,,,,,,tfmri_saigvis_bcdk_psopelh,tfmri_ma_arvn_b_cds_ppclh,tfmri_nback_all_627,,,,,,,
,,,,,,,,,,,,,,,,,,,,,,,
,,,,,,,,,,,,,,tfmri_saigvis_bcdk_psoperh,tfmri_ma_arvn_b_cds_ppcrh,tfmri_nback_all_661,,,,,,,
,,,,,,,,,,,,,,,,,,,,,,,
,,,,,,,,,,,,,,tfmri_saigvis_bcdk_psobslh,tfmri_ma_arvn_b_cds_pbalislh,tfmri_nback_all_628,,,,,,,
,,,,,,,,,,,,,,,,,,,,,,,
,,,,,,,,,,,,,,tfmri_saigvis_bcdk_psobsrh,tfmri_ma_arvn_b_cds_pbalisrh,tfmri_nback_all_662,,,,,,,
,,,,,,,,,,,,,,,,,,,,,,,
,,,,,,,,,,,,,,tfmri_saigvis_bcdk_pstglh,tfmri_ma_arvn_b_cds_prgislh,tfmri_nback_all_629,,,,,,,
,,,,,,,,,,,,,,,,,,,,,,,
,,,,,,,,,,,,,,tfmri_saigvis_bcdk_pstgrh,tfmri_ma_arvn_b_cds_prgisrh,tfmri_nback_all_663,,,,,,,
,,,,,,,,,,,,,,,,,,,,,,,
,,,,,,,,,,,,,,tfmri_saigvis_bcdk_pocgelh,tfmri_ma_arvn_b_cds_pocgelh,tfmri_nback_all_632,,,,,,,
,,,,,,,,,,,,,,,,,,,,,,,
,,,,,,,,,,,,,,tfmri_saigvis_bcdk_pocgerh,tfmri_ma_arvn_b_cds_pocgerh,tfmri_nback_all_666,,,,,,,
,,,,,,,,,,,,,,,,,,,,,,,
,,,,,,,,,,,,,,tfmri_saigvis_bcdk_pculh,tfmri_ma_arvn_b_cds_pulh,tfmri_nback_all_634,,,,,,,
,,,,,,,,,,,,,,,,,,,,,,,
,,,,,,,,,,,,,,tfmri_saigvis_bcdk_pcurh,tfmri_ma_arvn_b_cds_purh,tfmri_nback_all_668,,,,,,,
,,,,,,,,,,,,,,,,,,,,,,,
,,,,,,,,,,,,,,tfmri_saigvis_bcdk_sufrlh,tfmri_ma_arvn_b_cds_sufrlh,tfmri_nback_all_637,,,,,,,
,,,,,,,,,,,,,,,,,,,,,,,
,,,,,,,,,,,,,,tfmri_saigvis_bcdk_sufrrh,tfmri_ma_arvn_b_cds_sufrrh,tfmri_nback_all_671,,,,,,,
,,,,,,,,,,,,,,,,,,,,,,,
,,,,,,,,,,,,,,tfmri_saigvis_bcdk_sutplh,tfmri_ma_arvn_b_cds_sutplh,tfmri_nback_all_639,,,,,,,
,,,,,,,,,,,,,,,,,,,,,,,
,,,,,,,,,,,,,,tfmri_saigvis_bcdk_sutprh,tfmri_ma_arvn_b_cds_sutprh,tfmri_nback_all_673,,,,,,,
,,,,,,,,,,,,,,,,,,,,,,,
,,,,,,,,,,,,,,tfmri_saigvis_bcdk_smlh,tfmri_ma_arvn_b_cds_smglh,tfmri_nback_all_640,,,,,,,
,,,,,,,,,,,,,,,,,,,,,,,
,,,,,,,,,,,,,,tfmri_saigvis_bcdk_smrh,tfmri_ma_arvn_b_cds_smgrh,tfmri_nback_all_674,,,,,,,
,,,,,,,,,,,,,,,,,,,,,,,
,,,,,,,,,,,,,,tfmri_saigvis_bcdk_tppelh,tfmri_ma_arvn_b_cds_tppolelh,tfmri_nback_all_642,,,,,,,
,,,,,,,,,,,,,,,,,,,,,,,
,,,,,,,,,,,,,,tfmri_saigvis_bcdk_tpperh,tfmri_ma_arvn_b_cds_tppolerh,tfmri_nback_all_676,,,,,,,
,,,,,,,,,,,,,,,,,,,,,,,
,,,,,,,,,,,,,,tfmri_saigvis_bscs_cdelh,tfmri_ma_acdn_b_scs_cdlh,tfmri_nback_all_157,,,,,,,
,,,,,,,,,,,,,,,,,,,,,,,
,,,,,,,,,,,,,,tfmri_saigvis_bscs_cderh,tfmri_ma_acdn_b_scs_cdrh,tfmri_nback_all_174,,,,,,,
,,,,,,,,,,,,,,,,,,,,,,,
,,,,,,,,,,,,,,tfmri_saigvis_bscs_crbcxlh,tfmri_ma_acdn_b_scs_ccxlh,tfmri_nback_all_155,,,,,,,
,,,,,,,,,,,,,,,,,,,,,,,
,,,,,,,,,,,,,,tfmri_saigvis_bscs_crbcxrh,tfmri_ma_acdn_b_scs_ccxrh,tfmri_nback_all_172,,,,,,,
,,,,,,,,,,,,,,,,,,,,,,,
,,,,,,,,,,,,,,tfmri_saigvis_bscs_crbwmlh,tfmri_ma_acdn_b_scs_cwmlh,tfmri_nback_all_154,,,,,,,
,,,,,,,,,,,,,,,,,,,,,,,
,,,,,,,,,,,,,,tfmri_saigvis_bscs_crbwmrh,tfmri_ma_acdn_b_scs_cwmrh,tfmri_nback_all_171,,,,,,,
,,,,,,,,,,,,,,,,,,,,,,,
,,,,,,,,,,,,,,tfmri_saigvis_bscs_hpuslh,tfmri_ma_acdn_b_scs_hpuslh,tfmri_nback_all_163,,,,,,,
,,,,,,,,,,,,,,,,,,,,,,,
,,,,,,,,,,,,,,tfmri_saigvis_bscs_hpusrh,tfmri_ma_acdn_b_scs_hpusrh,tfmri_nback_all_177,,,,,,,
,,,,,,,,,,,,,,,,,,,,,,,
,,,,,,,,,,,,,,tfmri_saigvis_bscs_pulh,tfmri_ma_acdn_b_scs_ptlh,tfmri_nback_all_158,,,,,,,
,,,,,,,,,,,,,,,,,,,,,,,
,,,,,,,,,,,,,,tfmri_saigvis_bscs_purh,tfmri_ma_acdn_b_scs_ptrh,tfmri_nback_all_175,,,,,,,
,,,,,,,,,,,,,,,,,,,,,,,
,,,,,,,,,,,,,,tfmri_saisvcg_bcdk_ifpalh,tfmri_ma_asvn_b_cds_ifpalh,tfmri_nback_all_753,,,,,,,
,,,,,,,,,,,,,,,,,,,,,,,
,,,,,,,,,,,,,,tfmri_saisvcg_bcdk_ifparh,tfmri_ma_asvn_b_cds_ifparh,tfmri_nback_all_787,,,,,,,
,,,,,,,,,,,,,,,,,,,,,,,
,,,,,,,,,,,,,,tfmri_saisvcg_bcdk_ihcgelh,tfmri_ma_asvn_b_cds_ihcgelh,tfmri_nback_all_755,,,,,,,
,,,,,,,,,,,,,,,,,,,,,,,
,,,,,,,,,,,,,,tfmri_saisvcg_bcdk_ihcgerh,tfmri_ma_asvn_b_cds_ihcgerh,tfmri_nback_all_789,,,,,,,
,,,,,,,,,,,,,,,,,,,,,,,
,,,,,,,,,,,,,,tfmri_saisvcg_bcdk_mobofrlh,tfmri_ma_asvn_b_cds_mobofrlh,tfmri_nback_all_759,,,,,,,
,,,,,,,,,,,,,,,,,,,,,,,
,,,,,,,,,,,,,,tfmri_saisvcg_bcdk_mobofrrh,tfmri_ma_asvn_b_cds_mobofrrh,tfmri_nback_all_793,,,,,,,
,,,,,,,,,,,,,,,,,,,,,,,
,,,,,,,,,,,,,,tfmri_saisvcg_bcdk_mdtplh,tfmri_ma_asvn_b_cds_mdtplh,tfmri_nback_all_760,,,,,,,
,,,,,,,,,,,,,,,,,,,,,,,
,,,,,,,,,,,,,,tfmri_saisvcg_bcdk_mdtprh,tfmri_ma_asvn_b_cds_mdtprh,tfmri_nback_all_794,,,,,,,
,,,,,,,,,,,,,,,,,,,,,,,
,,,,,,,,,,,,,,tfmri_saisvcg_bcdk_pahpallh,tfmri_ma_asvn_b_cds_phpallh,tfmri_nback_all_761,,,,,,,
,,,,,,,,,,,,,,,,,,,,,,,
,,,,,,,,,,,,,,tfmri_saisvcg_bcdk_pahpalrh,tfmri_ma_asvn_b_cds_phpalrh,tfmri_nback_all_795,,,,,,,
,,,,,,,,,,,,,,,,,,,,,,,
,,,,,,,,,,,,,,tfmri_saisvcg_bcdk_psopelh,tfmri_ma_asvn_b_cds_ppclh,tfmri_nback_all_763,,,,,,,
,,,,,,,,,,,,,,,,,,,,,,,
,,,,,,,,,,,,,,tfmri_saisvcg_bcdk_psoperh,tfmri_ma_asvn_b_cds_ppcrh,tfmri_nback_all_797,,,,,,,
,,,,,,,,,,,,,,,,,,,,,,,
,,,,,,,,,,,,,,tfmri_saisvcg_bcdk_psobslh,tfmri_ma_asvn_b_cds_pbalislh,tfmri_nback_all_764,,,,,,,
,,,,,,,,,,,,,,,,,,,,,,,
,,,,,,,,,,,,,,tfmri_saisvcg_bcdk_psobsrh,tfmri_ma_asvn_b_cds_pbalisrh,tfmri_nback_all_798,,,,,,,
,,,,,,,,,,,,,,,,,,,,,,,
,,,,,,,,,,,,,,tfmri_saisvcg_bcdk_pstglh,tfmri_ma_asvn_b_cds_prgislh,tfmri_nback_all_765,,,,,,,
,,,,,,,,,,,,,,,,,,,,,,,
,,,,,,,,,,,,,,tfmri_saisvcg_bcdk_pstgrh,tfmri_ma_asvn_b_cds_prgisrh,tfmri_nback_all_799,,,,,,,
,,,,,,,,,,,,,,,,,,,,,,,
,,,,,,,,,,,,,,tfmri_saisvcg_bcdk_pocgelh,tfmri_ma_asvn_b_cds_pocgelh,tfmri_nback_all_768,,,,,,,
,,,,,,,,,,,,,,,,,,,,,,,
,,,,,,,,,,,,,,tfmri_saisvcg_bcdk_pocgerh,tfmri_ma_asvn_b_cds_pocgerh,tfmri_nback_all_802,,,,,,,
,,,,,,,,,,,,,,,,,,,,,,,
,,,,,,,,,,,,,,tfmri_saisvcg_bcdk_pculh,tfmri_ma_asvn_b_cds_pulh,tfmri_nback_all_770,,,,,,,
,,,,,,,,,,,,,,,,,,,,,,,
,,,,,,,,,,,,,,tfmri_saisvcg_bcdk_pcurh,tfmri_ma_asvn_b_cds_purh,tfmri_nback_all_804,,,,,,,
,,,,,,,,,,,,,,,,,,,,,,,
,,,,,,,,,,,,,,tfmri_saisvcg_bcdk_sufrlh,tfmri_ma_asvn_b_cds_sufrlh,tfmri_nback_all_773,,,,,,,
,,,,,,,,,,,,,,,,,,,,,,,
,,,,,,,,,,,,,,tfmri_saisvcg_bcdk_sufrrh,tfmri_ma_asvn_b_cds_sufrrh,tfmri_nback_all_807,,,,,,,
,,,,,,,,,,,,,,,,,,,,,,,
,,,,,,,,,,,,,,tfmri_saisvcg_bcdk_sutplh,tfmri_ma_asvn_b_cds_sutplh,tfmri_nback_all_775,,,,,,,
,,,,,,,,,,,,,,,,,,,,,,,
,,,,,,,,,,,,,,tfmri_saisvcg_bcdk_sutprh,tfmri_ma_asvn_b_cds_sutprh,tfmri_nback_all_809,,,,,,,
,,,,,,,,,,,,,,,,,,,,,,,
,,,,,,,,,,,,,,tfmri_saisvcg_bcdk_smlh,tfmri_ma_asvn_b_cds_smglh,tfmri_nback_all_776,,,,,,,
,,,,,,,,,,,,,,,,,,,,,,,
,,,,,,,,,,,,,,tfmri_saisvcg_bcdk_smrh,tfmri_ma_asvn_b_cds_smgrh,tfmri_nback_all_810,,,,,,,
,,,,,,,,,,,,,,,,,,,,,,,
,,,,,,,,,,,,,,tfmri_saisvcg_bcdk_tppelh,tfmri_ma_asvn_b_cds_tppolelh,tfmri_nback_all_778,,,,,,,
,,,,,,,,,,,,,,,,,,,,,,,
,,,,,,,,,,,,,,tfmri_saisvcg_bcdk_tpperh,tfmri_ma_asvn_b_cds_tppolerh,tfmri_nback_all_812,,,,,,,
,,,,,,,,,,,,,,,,,,,,,,,
,,,,,,,,,,,,,,tfmri_saisvcg_bscs_cdelh,tfmri_ma_acmvn_b_scs_cdlh,tfmri_nback_all_217,,,,,,,
,,,,,,,,,,,,,,,,,,,,,,,
,,,,,,,,,,,,,,tfmri_saisvcg_bscs_cderh,tfmri_ma_acmvn_b_scs_cdrh,tfmri_nback_all_234,,,,,,,
,,,,,,,,,,,,,,,,,,,,,,,
,,,,,,,,,,,,,,tfmri_saisvcg_bscs_crbcxlh,tfmri_ma_acmvn_b_scs_ccxlh,tfmri_nback_all_215,,,,,,,
,,,,,,,,,,,,,,,,,,,,,,,
,,,,,,,,,,,,,,tfmri_saisvcg_bscs_crbcxrh,tfmri_ma_acmvn_b_scs_ccxrh,tfmri_nback_all_232,,,,,,,
,,,,,,,,,,,,,,,,,,,,,,,
,,,,,,,,,,,,,,tfmri_saisvcg_bscs_crbwmlh,tfmri_ma_acmvn_b_scs_cwmlh,tfmri_nback_all_214,,,,,,,
,,,,,,,,,,,,,,,,,,,,,,,
,,,,,,,,,,,,,,tfmri_saisvcg_bscs_crbwmrh,tfmri_ma_acmvn_b_scs_cwmrh,tfmri_nback_all_231,,,,,,,
,,,,,,,,,,,,,,,,,,,,,,,
,,,,,,,,,,,,,,tfmri_saisvcg_bscs_hpuslh,tfmri_ma_acmvn_b_scs_hpuslh,tfmri_nback_all_223,,,,,,,
,,,,,,,,,,,,,,,,,,,,,,,
,,,,,,,,,,,,,,tfmri_saisvcg_bscs_hpusrh,tfmri_ma_acmvn_b_scs_hpusrh,tfmri_nback_all_237,,,,,,,
,,,,,,,,,,,,,,,,,,,,,,,
,,,,,,,,,,,,,,tfmri_saisvcg_bscs_pulh,tfmri_ma_acmvn_b_scs_ptlh,tfmri_nback_all_218,,,,,,,
,,,,,,,,,,,,,,,,,,,,,,,
,,,,,,,,,,,,,,tfmri_saisvcg_bscs_purh,tfmri_ma_acmvn_b_scs_ptrh,tfmri_nback_all_235,,,,,,,
,,,,,,,,,,,,,,,,,,,,,,,
,,,,,,,,,,,,,,,tfmri_ma_asrvn_b_cds_ifpalh,tfmri_nback_all_413,,,,,,,
,,,,,,,,,,,,,,,,,,,,,,,
,,,,,,,,,,,,,,,tfmri_ma_asrvn_b_cds_ifparh,tfmri_nback_all_447,,,,,,,
,,,,,,,,,,,,,,,,,,,,,,,
,,,,,,,,,,,,,,,tfmri_ma_asrvn_b_cds_ihcgelh,tfmri_nback_all_415,,,,,,,
,,,,,,,,,,,,,,,,,,,,,,,
,,,,,,,,,,,,,,,tfmri_ma_asrvn_b_cds_ihcgerh,tfmri_nback_all_449,,,,,,,
,,,,,,,,,,,,,,,,,,,,,,,
,,,,,,,,,,,,,,,tfmri_ma_asrvn_b_cds_mobofrlh,tfmri_nback_all_419,,,,,,,
,,,,,,,,,,,,,,,,,,,,,,,
,,,,,,,,,,,,,,,tfmri_ma_asrvn_b_cds_mobofrrh,tfmri_nback_all_453,,,,,,,
,,,,,,,,,,,,,,,,,,,,,,,
,,,,,,,,,,,,,,,tfmri_ma_asrvn_b_cds_mdtplh,tfmri_nback_all_420,,,,,,,
,,,,,,,,,,,,,,,,,,,,,,,
,,,,,,,,,,,,,,,tfmri_ma_asrvn_b_cds_mdtprh,tfmri_nback_all_454,,,,,,,
,,,,,,,,,,,,,,,,,,,,,,,
,,,,,,,,,,,,,,,tfmri_ma_asrvn_b_cds_phpallh,tfmri_nback_all_421,,,,,,,
,,,,,,,,,,,,,,,,,,,,,,,
,,,,,,,,,,,,,,,tfmri_ma_asrvn_b_cds_phpalrh,tfmri_nback_all_455,,,,,,,
,,,,,,,,,,,,,,,,,,,,,,,
,,,,,,,,,,,,,,,tfmri_ma_asrvn_b_cds_ppclh,tfmri_nback_all_423,,,,,,,
,,,,,,,,,,,,,,,,,,,,,,,
,,,,,,,,,,,,,,,tfmri_ma_asrvn_b_cds_ppcrh,tfmri_nback_all_457,,,,,,,
,,,,,,,,,,,,,,,,,,,,,,,
,,,,,,,,,,,,,,,tfmri_ma_asrvn_b_cds_pbalislh,tfmri_nback_all_424,,,,,,,
,,,,,,,,,,,,,,,,,,,,,,,
,,,,,,,,,,,,,,,tfmri_ma_asrvn_b_cds_pbalisrh,tfmri_nback_all_458,,,,,,,
,,,,,,,,,,,,,,,,,,,,,,,
,,,,,,,,,,,,,,,tfmri_ma_asrvn_b_cds_prgislh,tfmri_nback_all_425,,,,,,,
,,,,,,,,,,,,,,,,,,,,,,,
,,,,,,,,,,,,,,,tfmri_ma_asrvn_b_cds_prgisrh,tfmri_nback_all_459,,,,,,,
,,,,,,,,,,,,,,,,,,,,,,,
,,,,,,,,,,,,,,,tfmri_ma_asrvn_b_cds_pocgelh,tfmri_nback_all_428,,,,,,,
,,,,,,,,,,,,,,,,,,,,,,,
,,,,,,,,,,,,,,,tfmri_ma_asrvn_b_cds_pocgerh,tfmri_nback_all_462,,,,,,,
,,,,,,,,,,,,,,,,,,,,,,,
,,,,,,,,,,,,,,,tfmri_ma_asrvn_b_cds_pulh,tfmri_nback_all_430,,,,,,,
,,,,,,,,,,,,,,,,,,,,,,,
,,,,,,,,,,,,,,,tfmri_ma_asrvn_b_cds_purh,tfmri_nback_all_464,,,,,,,
,,,,,,,,,,,,,,,,,,,,,,,
,,,,,,,,,,,,,,,tfmri_ma_asrvn_b_cds_sufrlh,tfmri_nback_all_433,,,,,,,
,,,,,,,,,,,,,,,,,,,,,,,
,,,,,,,,,,,,,,,tfmri_ma_asrvn_b_cds_sufrrh,tfmri_nback_all_467,,,,,,,
,,,,,,,,,,,,,,,,,,,,,,,
,,,,,,,,,,,,,,,tfmri_ma_asrvn_b_cds_sutplh,tfmri_nback_all_435,,,,,,,
,,,,,,,,,,,,,,,,,,,,,,,
,,,,,,,,,,,,,,,tfmri_ma_asrvn_b_cds_sutprh,tfmri_nback_all_469,,,,,,,
,,,,,,,,,,,,,,,,,,,,,,,
,,,,,,,,,,,,,,,tfmri_ma_asrvn_b_cds_smglh,tfmri_nback_all_436,,,,,,,
,,,,,,,,,,,,,,,,,,,,,,,
,,,,,,,,,,,,,,,tfmri_ma_asrvn_b_cds_smgrh,tfmri_nback_all_470,,,,,,,
,,,,,,,,,,,,,,,,,,,,,,,
,,,,,,,,,,,,,,,tfmri_ma_asrvn_b_cds_tppolelh,tfmri_nback_all_438,,,,,,,
,,,,,,,,,,,,,,,,,,,,,,,
,,,,,,,,,,,,,,,tfmri_ma_asrvn_b_cds_tppolerh,tfmri_nback_all_472,,,,,,,
,,,,,,,,,,,,,,,,,,,,,,,
,,,,,,,,,,,,,,,tfmri_ma_asrvn_b_scs_cdlh,tfmri_nback_all_67,,,,,,,
,,,,,,,,,,,,,,,,,,,,,,,
,,,,,,,,,,,,,,,tfmri_ma_asrvn_b_scs_cdrh,tfmri_nback_all_84,,,,,,,
,,,,,,,,,,,,,,,,,,,,,,,
,,,,,,,,,,,,,,,tfmri_ma_asrvn_b_scs_ccxlh,tfmri_nback_all_65,,,,,,,
,,,,,,,,,,,,,,,,,,,,,,,
,,,,,,,,,,,,,,,tfmri_ma_asrvn_b_scs_ccxrh,tfmri_nback_all_82,,,,,,,
,,,,,,,,,,,,,,,,,,,,,,,
,,,,,,,,,,,,,,,tfmri_ma_asrvn_b_scs_cwmlh,tfmri_nback_all_64,,,,,,,
,,,,,,,,,,,,,,,,,,,,,,,
,,,,,,,,,,,,,,,tfmri_ma_asrvn_b_scs_cwmrh,tfmri_nback_all_81,,,,,,,
,,,,,,,,,,,,,,,,,,,,,,,
,,,,,,,,,,,,,,,tfmri_ma_asrvn_b_scs_hpuslh,tfmri_nback_all_73,,,,,,,
,,,,,,,,,,,,,,,,,,,,,,,
,,,,,,,,,,,,,,,tfmri_ma_asrvn_b_scs_hpusrh,tfmri_nback_all_87,,,,,,,
,,,,,,,,,,,,,,,,,,,,,,,
,,,,,,,,,,,,,,,tfmri_ma_asrvn_b_scs_ptlh,tfmri_nback_all_68,,,,,,,
,,,,,,,,,,,,,,,,,,,,,,,
,,,,,,,,,,,,,,,tfmri_ma_asrvn_b_scs_ptrh,tfmri_nback_all_85,,,,,,,
,,,,,,,,,,,,,,,,,,,,,,,
,,,,,,,,,,,,,,,tfmri_ma_lvnfb_b_cds_ifpalh,tfmri_nback_all_821,,,,,,,
,,,,,,,,,,,,,,,,,,,,,,,
,,,,,,,,,,,,,,,tfmri_ma_lvnfb_b_cds_ifparh,tfmri_nback_all_855,,,,,,,
,,,,,,,,,,,,,,,,,,,,,,,
,,,,,,,,,,,,,,,tfmri_ma_lvnfb_b_cds_ihcgelh,tfmri_nback_all_823,,,,,,,
,,,,,,,,,,,,,,,,,,,,,,,
,,,,,,,,,,,,,,,tfmri_ma_lvnfb_b_cds_ihcgerh,tfmri_nback_all_857,,,,,,,
,,,,,,,,,,,,,,,,,,,,,,,
,,,,,,,,,,,,,,,tfmri_ma_lvnfb_b_cds_mobofrlh,tfmri_nback_all_827,,,,,,,
,,,,,,,,,,,,,,,,,,,,,,,
,,,,,,,,,,,,,,,tfmri_ma_lvnfb_b_cds_mobofrrh,tfmri_nback_all_861,,,,,,,
,,,,,,,,,,,,,,,,,,,,,,,
,,,,,,,,,,,,,,,tfmri_ma_lvnfb_b_cds_mdtplh,tfmri_nback_all_828,,,,,,,
,,,,,,,,,,,,,,,,,,,,,,,
,,,,,,,,,,,,,,,tfmri_ma_lvnfb_b_cds_mdtprh,tfmri_nback_all_862,,,,,,,
,,,,,,,,,,,,,,,,,,,,,,,
,,,,,,,,,,,,,,,tfmri_ma_lvnfb_b_cds_phpallh,tfmri_nback_all_829,,,,,,,
,,,,,,,,,,,,,,,,,,,,,,,
,,,,,,,,,,,,,,,tfmri_ma_lvnfb_b_cds_phpalrh,tfmri_nback_all_863,,,,,,,
,,,,,,,,,,,,,,,,,,,,,,,
,,,,,,,,,,,,,,,tfmri_ma_lvnfb_b_cds_ppclh,tfmri_nback_all_831,,,,,,,
,,,,,,,,,,,,,,,,,,,,,,,
,,,,,,,,,,,,,,,tfmri_ma_lvnfb_b_cds_ppcrh,tfmri_nback_all_865,,,,,,,
,,,,,,,,,,,,,,,,,,,,,,,
,,,,,,,,,,,,,,,tfmri_ma_lvnfb_b_cds_pbalislh,tfmri_nback_all_832,,,,,,,
,,,,,,,,,,,,,,,,,,,,,,,
,,,,,,,,,,,,,,,tfmri_ma_lvnfb_b_cds_pbalisrh,tfmri_nback_all_866,,,,,,,
,,,,,,,,,,,,,,,,,,,,,,,
,,,,,,,,,,,,,,,tfmri_ma_lvnfb_b_cds_prgislh,tfmri_nback_all_833,,,,,,,
,,,,,,,,,,,,,,,,,,,,,,,
,,,,,,,,,,,,,,,tfmri_ma_lvnfb_b_cds_prgisrh,tfmri_nback_all_867,,,,,,,
,,,,,,,,,,,,,,,,,,,,,,,
,,,,,,,,,,,,,,,tfmri_ma_lvnfb_b_cds_pocgelh,tfmri_nback_all_836,,,,,,,
,,,,,,,,,,,,,,,,,,,,,,,
,,,,,,,,,,,,,,,tfmri_ma_lvnfb_b_cds_pocgerh,tfmri_nback_all_870,,,,,,,
,,,,,,,,,,,,,,,,,,,,,,,
,,,,,,,,,,,,,,,tfmri_ma_lvnfb_b_cds_pulh,tfmri_nback_all_838,,,,,,,
,,,,,,,,,,,,,,,,,,,,,,,
,,,,,,,,,,,,,,,tfmri_ma_lvnfb_b_cds_purh,tfmri_nback_all_872,,,,,,,
,,,,,,,,,,,,,,,,,,,,,,,
,,,,,,,,,,,,,,,tfmri_ma_lvnfb_b_cds_sufrlh,tfmri_nback_all_841,,,,,,,
,,,,,,,,,,,,,,,,,,,,,,,
,,,,,,,,,,,,,,,tfmri_ma_lvnfb_b_cds_sufrrh,tfmri_nback_all_875,,,,,,,
,,,,,,,,,,,,,,,,,,,,,,,
,,,,,,,,,,,,,,,tfmri_ma_lvnfb_b_cds_sutplh,tfmri_nback_all_843,,,,,,,
,,,,,,,,,,,,,,,,,,,,,,,
,,,,,,,,,,,,,,,tfmri_ma_lvnfb_b_cds_sutprh,tfmri_nback_all_877,,,,,,,
,,,,,,,,,,,,,,,,,,,,,,,
,,,,,,,,,,,,,,,tfmri_ma_lvnfb_b_cds_smglh,tfmri_nback_all_844,,,,,,,
,,,,,,,,,,,,,,,,,,,,,,,
,,,,,,,,,,,,,,,tfmri_ma_lvnfb_b_cds_smgrh,tfmri_nback_all_878,,,,,,,
,,,,,,,,,,,,,,,,,,,,,,,
,,,,,,,,,,,,,,,tfmri_ma_lvnfb_b_cds_tppolelh,tfmri_nback_all_846,,,,,,,
,,,,,,,,,,,,,,,,,,,,,,,
,,,,,,,,,,,,,,,tfmri_ma_lvnfb_b_cds_tppolerh,tfmri_nback_all_880,,,,,,,
,,,,,,,,,,,,,,,,,,,,,,,
,,,,,,,,,,,,,,,tfmri_ma_lpvnfb_b_scs_cdlh,tfmri_nback_all_247,,,,,,,
,,,,,,,,,,,,,,,,,,,,,,,
,,,,,,,,,,,,,,,tfmri_ma_lpvnfb_b_scs_cdrh,tfmri_nback_all_264,,,,,,,
,,,,,,,,,,,,,,,,,,,,,,,
,,,,,,,,,,,,,,,tfmri_ma_lpvnfb_b_scs_ccxlh,tfmri_nback_all_245,,,,,,,
,,,,,,,,,,,,,,,,,,,,,,,
,,,,,,,,,,,,,,,tfmri_ma_lpvnfb_b_scs_ccxrh,tfmri_nback_all_262,,,,,,,
,,,,,,,,,,,,,,,,,,,,,,,
,,,,,,,,,,,,,,,tfmri_ma_lpvnfb_b_scs_cwmlh,tfmri_nback_all_244,,,,,,,
,,,,,,,,,,,,,,,,,,,,,,,
,,,,,,,,,,,,,,,tfmri_ma_lpvnfb_b_scs_cwmrh,tfmri_nback_all_261,,,,,,,
,,,,,,,,,,,,,,,,,,,,,,,
,,,,,,,,,,,,,,,tfmri_ma_lpvnfb_b_scs_hpuslh,tfmri_nback_all_253,,,,,,,
,,,,,,,,,,,,,,,,,,,,,,,
,,,,,,,,,,,,,,,tfmri_ma_lpvnfb_b_scs_hpusrh,tfmri_nback_all_267,,,,,,,
,,,,,,,,,,,,,,,,,,,,,,,
,,,,,,,,,,,,,,,tfmri_ma_lpvnfb_b_scs_ptlh,tfmri_nback_all_248,,,,,,,
,,,,,,,,,,,,,,,,,,,,,,,
,,,,,,,,,,,,,,,tfmri_ma_lpvnfb_b_scs_ptrh,tfmri_nback_all_265,,,,,,,
,,,,,,,,,,,,,,,,,,,,,,,
,,,,,,,,,,,,,,,tfmri_ma_rpvnfb_b_cds_ifpalh,,,,,,,,
,,,,,,,,,,,,,,,,,,,,,,,
,,,,,,,,,,,,,,,tfmri_ma_rpvnfb_b_cds_ifparh,,,,,,,,
,,,,,,,,,,,,,,,,,,,,,,,
,,,,,,,,,,,,,,,tfmri_ma_rpvnfb_b_cds_ihcgelh,,,,,,,,
,,,,,,,,,,,,,,,,,,,,,,,
,,,,,,,,,,,,,,,tfmri_ma_rpvnfb_b_cds_ihcgerh,,,,,,,,
,,,,,,,,,,,,,,,,,,,,,,,
,,,,,,,,,,,,,,,tfmri_ma_rpvnfb_b_cds_mobofrlh,,,,,,,,
,,,,,,,,,,,,,,,,,,,,,,,
,,,,,,,,,,,,,,,tfmri_ma_rpvnfb_b_cds_mobofrrh,,,,,,,,
,,,,,,,,,,,,,,,,,,,,,,,
,,,,,,,,,,,,,,,tfmri_ma_rpvnfb_b_cds_mdtplh,,,,,,,,
,,,,,,,,,,,,,,,,,,,,,,,
,,,,,,,,,,,,,,,tfmri_ma_rpvnfb_b_cds_mdtprh,,,,,,,,
,,,,,,,,,,,,,,,,,,,,,,,
,,,,,,,,,,,,,,,tfmri_ma_rpvnfb_b_cds_phpallh,,,,,,,,
,,,,,,,,,,,,,,,,,,,,,,,
,,,,,,,,,,,,,,,tfmri_ma_rpvnfb_b_cds_phpalrh,,,,,,,,
,,,,,,,,,,,,,,,,,,,,,,,
,,,,,,,,,,,,,,,tfmri_ma_rpvnfb_b_cds_ppclh,,,,,,,,
,,,,,,,,,,,,,,,,,,,,,,,
,,,,,,,,,,,,,,,tfmri_ma_rpvnfb_b_cds_ppcrh,,,,,,,,
,,,,,,,,,,,,,,,,,,,,,,,
,,,,,,,,,,,,,,,tfmri_ma_rpvnfb_b_cds_pbalislh,,,,,,,,
,,,,,,,,,,,,,,,,,,,,,,,
,,,,,,,,,,,,,,,tfmri_ma_rpvnfb_b_cds_pbalisrh,,,,,,,,
,,,,,,,,,,,,,,,,,,,,,,,
,,,,,,,,,,,,,,,tfmri_ma_rpvnfb_b_cds_prgislh,,,,,,,,
,,,,,,,,,,,,,,,,,,,,,,,
,,,,,,,,,,,,,,,tfmri_ma_rpvnfb_b_cds_prgisrh,,,,,,,,
,,,,,,,,,,,,,,,,,,,,,,,
,,,,,,,,,,,,,,,tfmri_ma_rpvnfb_b_cds_pocgelh,,,,,,,,
,,,,,,,,,,,,,,,,,,,,,,,
,,,,,,,,,,,,,,,tfmri_ma_rpvnfb_b_cds_pocgerh,,,,,,,,
,,,,,,,,,,,,,,,,,,,,,,,
,,,,,,,,,,,,,,,tfmri_ma_rpvnfb_b_cds_pulh,,,,,,,,
,,,,,,,,,,,,,,,,,,,,,,,
,,,,,,,,,,,,,,,tfmri_ma_rpvnfb_b_cds_purh,,,,,,,,
,,,,,,,,,,,,,,,,,,,,,,,
,,,,,,,,,,,,,,,tfmri_ma_rpvnfb_b_cds_sufrlh,,,,,,,,
,,,,,,,,,,,,,,,,,,,,,,,
,,,,,,,,,,,,,,,tfmri_ma_rpvnfb_b_cds_sufrrh,,,,,,,,
,,,,,,,,,,,,,,,,,,,,,,,
,,,,,,,,,,,,,,,tfmri_ma_rpvnfb_b_cds_sutplh,,,,,,,,
,,,,,,,,,,,,,,,,,,,,,,,
,,,,,,,,,,,,,,,tfmri_ma_rpvnfb_b_cds_sutprh,,,,,,,,
,,,,,,,,,,,,,,,,,,,,,,,
,,,,,,,,,,,,,,,tfmri_ma_rpvnfb_b_cds_smglh,,,,,,,,
,,,,,,,,,,,,,,,,,,,,,,,
,,,,,,,,,,,,,,,tfmri_ma_rpvnfb_b_cds_smgrh,,,,,,,,
,,,,,,,,,,,,,,,,,,,,,,,
,,,,,,,,,,,,,,,tfmri_ma_rpvnfb_b_cds_tppolelh,,,,,,,,
,,,,,,,,,,,,,,,,,,,,,,,
,,,,,,,,,,,,,,,tfmri_ma_rpvnfb_b_cds_tppolerh,,,,,,,,
,,,,,,,,,,,,,,,,,,,,,,,
,,,,,,,,,,,,,,,tfmri_ma_rpvnfb_b_scs_cdlh,,,,,,,,
,,,,,,,,,,,,,,,,,,,,,,,
,,,,,,,,,,,,,,,tfmri_ma_rpvnfb_b_scs_cdrh,,,,,,,,
,,,,,,,,,,,,,,,,,,,,,,,
,,,,,,,,,,,,,,,tfmri_ma_rpvnfb_b_scs_ccxlh,,,,,,,,
,,,,,,,,,,,,,,,,,,,,,,,
,,,,,,,,,,,,,,,tfmri_ma_rpvnfb_b_scs_ccxrh,,,,,,,,
,,,,,,,,,,,,,,,,,,,,,,,
,,,,,,,,,,,,,,,tfmri_ma_rpvnfb_b_scs_cwmlh,,,,,,,,
,,,,,,,,,,,,,,,,,,,,,,,
,,,,,,,,,,,,,,,tfmri_ma_rpvnfb_b_scs_cwmrh,,,,,,,,
,,,,,,,,,,,,,,,,,,,,,,,
,,,,,,,,,,,,,,,tfmri_ma_rpvnfb_b_scs_hpuslh,,,,,,,,
,,,,,,,,,,,,,,,,,,,,,,,
,,,,,,,,,,,,,,,tfmri_ma_rpvnfb_b_scs_hpusrh,,,,,,,,
,,,,,,,,,,,,,,,,,,,,,,,
,,,,,,,,,,,,,,,tfmri_ma_rpvnfb_b_scs_ptlh,,,,,,,,
,,,,,,,,,,,,,,,,,,,,,,,
,,,,,,,,,,,,,,,tfmri_ma_rpvnfb_b_scs_ptrh,,,,,,,,
